id,dataset,ratio,projector,repetition,projector_seed,m,n,k,original_objective,original_solve_s,sample_s,multiply_s,projected_solve_s,projected_total_s,projected_status,projected_message,projected_density,projected_matrix_bytes,projector_bytes,original_matrix_bytes,raw_feas,raw_neg,raw_eq_residual_inf,raw_min_x,raw_objective,raw_obj_gap,raw_accepted_feasible,native_row_violation,native_accepted,dual_recovery_status,dual_recovery_s,dual_total_s,dual_warning,primal_recovery_status,primal_recovery_s,primal_total_s,primal_warning,primal_feas,primal_neg,primal_eq_residual_inf,primal_min_x,primal_objective,primal_obj_gap,primal_accepted_feasible,ray_verified,ray_residual,ray_objective,original_ray_residual
adlittle_0_gaussian_0,adlittle,0.5,gaussian,0,4870424296859873734,56,138,28,225494.96316238024,0.001455416961107403,3.420800203457475e-05,3.9458973333239555e-05,0.0023266670177690685,0.0024003339931368828,optimal,Optimization terminated successfully. (HiGHS Status 7: Optimal),1.0,30912,12544,5316,2.1210393332147643,0.0,1897.188351625463,0.0,-2317819.3534253864,11.278807654591873,0,1415.4728560900217,0,singular,0.0006587090319953859,0.0030590430251322687,A singular matrix detected: slice(s) [0] are singular.,rank_deficient,0.00047075003385543823,0.002871084026992321,,0.18977791246201609,0.3308925980506381,440.0,-317.41767676476445,116991.93900363677,0.48117715197305677,0,,,,
adlittle_0_sparse_0,adlittle,0.5,sparse,0,14440622804524723698,56,138,28,225494.96316238024,0.001455416961107403,9.137502638623118e-05,0.0003625830286182463,0.0023737080045975745,0.002827666059602052,unbounded,The problem is unbounded. (HiGHS Status 10: model_status is Unbounded; primal_status is None),0.615424430641822,28652,6452,5316,,,,,,,,,,,,,,,,,,,,,,,,,1,1.4306727158225485e-17,-1.0000000000000075,0.0009075314627159528
adlittle_0_countsketch_0,adlittle,0.5,countsketch,0,1972900199976690359,56,138,28,225494.96316238024,0.001455416961107403,0.00046970898984000087,4.516699118539691e-05,0.001242541999090463,0.0017574179801158607,unbounded,The problem is unbounded. (HiGHS Status 10: model_status is Unbounded; primal_status is None),0.10170807453416149,4832,788,5316,,,,,,,,,,,,,,,,,,,,,,,,,1,5.421010862427522e-20,-1.0,0.001224145106436583
adlittle_0_countsketch_1,adlittle,0.5,countsketch,1,664414073982422286,56,138,28,225494.96316238024,0.0012880829744972289,7.058301707729697e-05,2.9959017410874367e-05,0.0009501249878667295,0.0010506670223549008,unbounded,The problem is unbounded. (HiGHS Status 10: model_status is Unbounded; primal_status is Feasible),0.09472049689440994,4508,788,5316,,,,,,,,,,,,,,,,,,,,,,,,,1,0.0,-1.0,0.0008210180623973727
adlittle_0_gaussian_1,adlittle,0.5,gaussian,1,13316618105228875631,56,138,28,225494.96316238024,0.0012880829744972289,2.1709012798964977e-05,2.7500034775584936e-05,0.0023910829913802445,0.0024402920389547944,unbounded,The problem is unbounded. (HiGHS Status 10: model_status is Unbounded; primal_status is None),1.0,30912,12544,5316,,,,,,,,,,,,,,,,,,,,,,,,,1,3.1170812458958252e-18,-1.0,0.0009799965880585453
adlittle_0_sparse_1,adlittle,0.5,sparse,1,8301113805172453567,56,138,28,225494.96316238024,0.0012880829744972289,7.458397885784507e-05,5.108298500999808e-05,0.0020926250144839287,0.002218291978351772,unbounded,The problem is unbounded. (HiGHS Status 10: model_status is Unbounded; primal_status is None),0.610248447204969,28412,6464,5316,,,,,,,,,,,,,,,,,,,,,,,,,1,6.565207156562321e-18,-1.0000000000000024,0.00024145396304364964
adlittle_0_sparse_2,adlittle,0.5,sparse,2,15029683033945976761,56,138,28,225494.96316238024,0.0015020000282675028,9.133300045505166e-05,6.941700121387839e-05,0.00212583300890401,0.00228658301057294,unbounded,The problem is unbounded. (HiGHS Status 10: model_status is Unbounded; primal_status is None),0.6074016563146998,28280,6500,5316,,,,,,,,,,,,,,,,,,,,,,,,,1,1.1024872723222067e-18,-0.9999999999999991,0.0003564827566010173
adlittle_0_countsketch_2,adlittle,0.5,countsketch,2,1394064275551337517,56,138,28,225494.96316238024,0.0015020000282675028,6.0208956710994244e-05,2.604199107736349e-05,0.0009554169955663383,0.001041667943354696,unbounded,The problem is unbounded. (HiGHS Status 10: model_status is Unbounded; primal_status is Feasible),0.09912008281573499,4712,788,5316,,,,,,,,,,,,,,,,,,,,,,,,,1,0.0,-1.0,0.0024916943521594683
adlittle_0_gaussian_2,adlittle,0.5,gaussian,2,972640236702309018,56,138,28,225494.96316238024,0.0015020000282675028,2.31250305660069e-05,2.68329749815166e-05,0.002720207965467125,0.0027701659710146487,unbounded,The problem is unbounded. (HiGHS Status 10: model_status is Unbounded; primal_status is None),1.0,30912,12544,5316,,,,,,,,,,,,,,,,,,,,,,,,,1,6.459134442582393e-17,-0.9999999999999999,0.0011058523209689752
adlittle_0_gaussian_3,adlittle,0.5,gaussian,3,17233490934080984481,56,138,28,225494.96316238024,0.0012680839863605797,2.6875000912696123e-05,2.787495031952858e-05,0.0021979589946568012,0.002252708945889026,optimal,Optimization terminated successfully. (HiGHS Status 7: Optimal),1.0,30912,12544,5316,1.7973028708047092,0.0,1110.739916055026,0.0,-2709229.290859889,13.014588941877859,0,1035.407501122158,0,singular,0.0001076660118997097,0.0023603749577887356,A singular matrix detected: slice(s) [0] are singular.,rank_deficient,0.0002180419978685677,0.0024707509437575936,,0.0372355994882029,0.36534216222792826,49.72361527517574,-971.7924406679497,214684.052713605,0.047943024079833876,0,,,,
adlittle_0_sparse_3,adlittle,0.5,sparse,3,9519839530133789392,56,138,28,225494.96316238024,0.0012680839863605797,8.287501987069845e-05,6.654096068814397e-05,0.002195916953496635,0.0023453329340554774,unbounded,The problem is unbounded. (HiGHS Status 10: model_status is Unbounded; primal_status is None),0.619824016563147,28856,6284,5316,,,,,,,,,,,,,,,,,,,,,,,,,1,3.9983850901797135e-18,-0.9999999999999997,0.0007387525510821062
adlittle_0_countsketch_3,adlittle,0.5,countsketch,3,15882686457669665116,56,138,28,225494.96316238024,0.0012680839863605797,6.970897084102035e-05,2.4500011932104826e-05,0.0009586659725755453,0.0010528749553486705,unbounded,The problem is unbounded. (HiGHS Status 10: model_status is Unbounded; primal_status is Feasible),0.10326086956521739,4904,788,5316,,,,,,,,,,,,,,,,,,,,,,,,,1,1.0659144249977973e-19,-1.0,0.09677710843373492
adlittle_0_countsketch_4,adlittle,0.5,countsketch,4,2801343214610491252,56,138,28,225494.96316238024,0.0012471249792724848,5.783402593806386e-05,3.454199759289622e-05,0.0009015000541694462,0.0009938760777004063,unbounded,The problem is unbounded. (HiGHS Status 10: model_status is Unbounded; primal_status is Feasible),0.10041407867494824,4772,788,5316,,,,,,,,,,,,,,,,,,,,,,,,,1,0.0,-1.0,0.0011074197120708748
adlittle_0_gaussian_4,adlittle,0.5,gaussian,4,5592992889170567565,56,138,28,225494.96316238024,0.0012471249792724848,2.470804611220956e-05,3.404100425541401e-05,0.002288874995429069,0.0023476240457966924,unbounded,The problem is unbounded. (HiGHS Status 10: model_status is Unbounded; primal_status is None),1.0,30912,12544,5316,,,,,,,,,,,,,,,,,,,,,,,,,1,1.3417001884508117e-18,-1.0000000000000002,0.0005622601528247977
adlittle_0_sparse_4,adlittle,0.5,sparse,4,4503653567909680266,56,138,28,225494.96316238024,0.0012471249792724848,6.637501064687967e-05,5.395803600549698e-05,0.0020694590057246387,0.0021897920523770154,optimal,Optimization terminated successfully. (HiGHS Status 7: Optimal),0.6081780538302277,28316,6296,5316,99.37426346466958,0.0,70827.13731135837,0.0,-21706740.571715683,97.26264049226027,0,38318.00172386169,0,singular,0.00014104100409895182,0.002330833056475967,A singular matrix detected: slice(s) [0] are singular.,rank_deficient,0.0002329999697394669,0.0024227920221164823,,0.06812948423754919,0.35682883739095794,134.0,-384.51138644801193,-119414.06396641454,1.5295642186048466,0,,,,
adlittle_0_sparse_5,adlittle,0.5,sparse,5,4458173385519862570,56,138,28,225494.96316238024,0.0014753330033272505,7.337500574067235e-05,5.487498128786683e-05,0.0021134999697096646,0.0022417499567382038,unbounded,The problem is unbounded. (HiGHS Status 10: model_status is Unbounded; primal_status is None),0.6089544513457557,28352,6332,5316,,,,,,,,,,,,,,,,,,,,,,,,,1,1.3365980097520378e-18,-1.0000000000000002,0.00041145951999738335
adlittle_0_countsketch_5,adlittle,0.5,countsketch,5,17501692188539330780,56,138,28,225494.96316238024,0.0014753330033272505,6.795802619308233e-05,2.7125002816319466e-05,0.0009545000502839684,0.0010495830792933702,unbounded,The problem is unbounded. (HiGHS Status 10: model_status is Unbounded; primal_status is Feasible),0.09627329192546584,4580,788,5316,,,,,,,,,,,,,,,,,,,,,,,,,1,0.0,-1.0,0.0011074197120708748
adlittle_0_gaussian_5,adlittle,0.5,gaussian,5,7409963032050949375,56,138,28,225494.96316238024,0.0014753330033272505,1.9666040316224098e-05,2.5667017325758934e-05,0.002301583008375019,0.002346916066017002,optimal,Optimization terminated successfully. (HiGHS Status 7: Optimal),1.0,30912,12544,5316,3.6573983904055893,0.0,1781.024859993378,0.0,-7670828.99409884,35.01773984891641,0,1767.6661677368854,0,singular,0.00011441594688221812,0.00246133201289922,A singular matrix detected: slice(s) [0] are singular.,rank_deficient,0.000222250004298985,0.002569166070315987,,0.1471372754301594,0.440177336615004,440.0,-1175.3704056976053,237400.95839962043,0.052799384386544426,0,,,,
adlittle_0_gaussian_6,adlittle,0.5,gaussian,6,11673636748747021914,56,138,28,225494.96316238024,0.0013142500538378954,2.1124957129359245e-05,2.3333006538450718e-05,0.0023697500000707805,0.0024142079637385905,unbounded,The problem is unbounded. (HiGHS Status 10: model_status is Unbounded; primal_status is None),1.0,30912,12544,5316,,,,,,,,,,,,,,,,,,,,,,,,,1,3.5236570605778894e-18,-1.0000000000000002,0.0005681924006802592
adlittle_0_sparse_6,adlittle,0.5,sparse,6,193485872188390631,56,138,28,225494.96316238024,0.0013142500538378954,8.120900020003319e-05,6.462499732151628e-05,0.002123666985426098,0.0022695009829476476,unbounded,The problem is unbounded. (HiGHS Status 10: model_status is Unbounded; primal_status is None),0.6159420289855072,28676,6560,5316,,,,,,,,,,,,,,,,,,,,,,,,,1,8.748064111014874e-19,-0.9999999999999978,0.0005095480584914602
adlittle_0_countsketch_6,adlittle,0.5,countsketch,6,6508952994830596132,56,138,28,225494.96316238024,0.0013142500538378954,5.5958982557058334e-05,2.3792032152414322e-05,0.0008902910049073398,0.0009700420196168125,unbounded,The problem is unbounded. (HiGHS Status 10: model_status is Unbounded; primal_status is Feasible),0.09730848861283643,4628,788,5316,,,,,,,,,,,,,,,,,,,,,,,,,1,0.0,-1.0,0.0016420361247947454
adlittle_0_countsketch_7,adlittle,0.5,countsketch,7,10481844057806792955,56,138,28,225494.96316238024,0.001251583977136761,6.395898526534438e-05,2.8125010430812836e-05,0.0008582500158809125,0.0009503340115770698,unbounded,The problem is unbounded. (HiGHS Status 10: model_status is Unbounded; primal_status is Feasible),0.09679089026915114,4604,788,5316,,,,,,,,,,,,,,,,,,,,,,,,,1,3.9302328752599536e-19,-1.0,0.0005585254821554417
adlittle_0_gaussian_7,adlittle,0.5,gaussian,7,14332853532910219972,56,138,28,225494.96316238024,0.001251583977136761,2.4124979972839355e-05,2.6958005037158728e-05,0.0023377909674309194,0.0023888739524409175,optimal,Optimization terminated successfully. (HiGHS Status 7: Optimal),1.0,30912,12544,5316,1.8057595429930087,0.0,1114.8413315863959,0.0,-2351189.719537396,11.426794845276834,0,874.044673625036,0,singular,0.00010462501086294651,0.002493498963303864,A singular matrix detected: slice(s) [0] are singular.,rank_deficient,0.00021912500960752368,0.002607998962048441,,0.025605673177264497,0.7657135448723924,43.0,-54223.383317472064,341995.148552088,0.516642073755835,0,,,,
adlittle_0_sparse_7,adlittle,0.5,sparse,7,6935504836475216560,56,138,28,225494.96316238024,0.001251583977136761,7.24170240573585e-05,6.250001024454832e-05,0.001973249949514866,0.0021081669838167727,optimal,Optimization terminated successfully. (HiGHS Status 7: Optimal),0.6151656314699793,28640,6584,5316,1.7502858080966848,0.0,1067.0556224145885,0.0,-4883230.905447179,22.655609672889838,0,768.4553233760729,0,singular,8.929101750254631e-05,0.002197458001319319,A singular matrix detected: slice(s) [0] are singular.,rank_deficient,0.00019658298697322607,0.0023047499707899988,,0.052566028227285864,0.279605333831428,62.36757249007917,-254.60355894833432,191689.0115307951,0.14991887693403277,0,,,,
adlittle_0_sparse_8,adlittle,0.5,sparse,8,4603710040843414156,56,138,28,225494.96316238024,0.0013547910493798554,8.049997268244624e-05,5.666702054440975e-05,0.0023721250472590327,0.0025092920404858887,unbounded,The problem is unbounded. (HiGHS Status 10: model_status is Unbounded; primal_status is None),0.6317287784679089,29408,6644,5316,,,,,,,,,,,,,,,,,,,,,,,,,1,1.0147256245274164e-17,-1.0000000000000004,0.000847412931557422
adlittle_0_countsketch_8,adlittle,0.5,countsketch,8,7614725859471250507,56,138,28,225494.96316238024,0.0013547910493798554,6.200000643730164e-05,2.68329749815166e-05,0.0008536659879609942,0.0009424989693798125,unbounded,The problem is unbounded. (HiGHS Status 10: model_status is Unbounded; primal_status is Feasible),0.09937888198757763,4724,788,5316,,,,,,,,,,,,,,,,,,,,,,,,,1,0.0,-1.0,0.0011074197120708748
adlittle_0_gaussian_8,adlittle,0.5,gaussian,8,14398897537998170904,56,138,28,225494.96316238024,0.0013547910493798554,2.0000035874545574e-05,2.6166962925344706e-05,0.002184416982345283,0.0022305839811451733,unbounded,The problem is unbounded. (HiGHS Status 10: model_status is Unbounded; primal_status is None),1.0,30912,12544,5316,,,,,,,,,,,,,,,,,,,,,,,,,1,1.1926223897340549e-18,-1.0000000000000002,0.0010718930180126025
adlittle_0_gaussian_9,adlittle,0.5,gaussian,9,12336428740672147070,56,138,28,225494.96316238024,0.0013105000252835453,2.5875051505863667e-05,3.149994881823659e-05,0.0022218750091269612,0.0022792500094510615,unbounded,The problem is unbounded. (HiGHS Status 10: model_status is Unbounded; primal_status is None),1.0,30912,12544,5316,,,,,,,,,,,,,,,,,,,,,,,,,1,1.8973538018496328e-18,-0.9999999999999974,0.0010997939726513997
adlittle_0_sparse_9,adlittle,0.5,sparse,9,6448693191883638466,56,138,28,225494.96316238024,0.0013105000252835453,6.979098543524742e-05,5.204102490097284e-05,0.0021048749913461506,0.002226707001682371,optimal,Optimization terminated successfully. (HiGHS Status 7: Optimal),0.6270703933747412,29192,6704,5316,5.964109701377621,0.0,4573.266038618981,0.0,-7811357.227637106,35.64093884000461,0,4573.266038618981,0,singular,0.0001265000319108367,0.0023532070335932076,A singular matrix detected: slice(s) [0] are singular.,rank_deficient,0.0002093329676426947,0.0024360399693250656,,0.1460500647094609,0.20709595638155887,440.0,-201.90892696669937,428441.79907607986,0.9000060713886385,0,,,,
adlittle_0_countsketch_9,adlittle,0.5,countsketch,9,2613513826223854189,56,138,28,225494.96316238024,0.0013105000252835453,6.17919722571969e-05,2.437504008412361e-05,0.0009342909906990826,0.0010204580030404031,unbounded,The problem is unbounded. (HiGHS Status 10: model_status is Unbounded; primal_status is Feasible),0.10377846790890269,4928,788,5316,,,,,,,,,,,,,,,,,,,,,,,,,1,0.0,-1.0,0.0011074197120708748
adlittle_1_gaussian_0,adlittle,0.75,gaussian,0,15130533668151049736,56,138,42,225494.96316238024,0.0013344999752007425,2.4084001779556274e-05,4.570902092382312e-05,0.0034147080150432885,0.003484501037746668,optimal,Optimization terminated successfully. (HiGHS Status 7: Optimal),1.0,46368,18816,5316,0.1627108380981993,0.0,78.00882754378915,0.0,-172881.90531225436,1.7666774587233733,0,75.35734506441135,0,singular,0.00010425003711134195,0.00358875107485801,A singular matrix detected: slice(s) [0] are singular.,rank_deficient,0.0002346250112168491,0.003719126048963517,,0.019481592945639083,0.4248603549653543,43.0,-2432.58959109392,240214.90031713713,0.0652783412468374,0,,,,
adlittle_1_sparse_0,adlittle,0.75,sparse,0,10252956697008318017,56,138,42,225494.96316238024,0.0013344999752007425,0.0001294169924221933,7.554201874881983e-05,0.003231082984711975,0.003436041995882988,optimal,Optimization terminated successfully. (HiGHS Status 7: Optimal),0.5935127674258109,41452,9304,5316,0.5385796633619692,0.0,306.09260204614867,0.0,-531225.4927380894,3.355819772149637,0,252.4790121353034,0,singular,0.00011212500976398587,0.003548167005646974,A singular matrix detected: slice(s) [0] are singular.,rank_deficient,0.00021879200357943773,0.0036548339994624257,,0.010909591702055813,0.4875150239613316,43.0,-19674093531465.035,301912583636618.0,1338888368.8444698,0,,,,
adlittle_1_countsketch_0,adlittle,0.75,countsketch,0,1331871403884576493,56,138,42,225494.96316238024,0.0013344999752007425,6.42910017631948e-05,2.624996704980731e-05,0.0010936670005321503,0.0011842079693451524,optimal,Optimization terminated successfully. (HiGHS Status 7: Optimal),0.07263630089717046,5224,844,5316,1.4974832139944645,0.0,1668.2588697367191,-0.0,-1452893.9818547294,7.443132748860966,0,1668.2588697367191,0,singular,7.695902604609728e-05,0.0012611669953912497,A singular matrix detected: slice(s) [0] are singular.,rank_deficient,0.00019362499006092548,0.0013778329594060779,,0.024064946388819286,0.3013210335861367,60.0,-525.753064015269,-5260.7168248761445,1.0233296422727096,0,,,,
adlittle_1_countsketch_1,adlittle,0.75,countsketch,1,10157548836157656770,56,138,42,225494.96316238024,0.0013235000078566372,7.762497989460826e-05,2.779200440272689e-05,0.0010338330175727606,0.0011392500018700957,unbounded,The problem is unbounded. (HiGHS Status 10: model_status is Unbounded; primal_status is None),0.07004830917874397,5044,844,5316,,,,,,,,,,,,,,,,,,,,,,,,,1,6.171577940247377e-20,-1.0,0.0006851518090509248
adlittle_1_gaussian_1,adlittle,0.75,gaussian,1,7294304994802154264,56,138,42,225494.96316238024,0.0013235000078566372,2.4917011614888906e-05,3.283401019871235e-05,0.0033395420177839696,0.003397293039597571,optimal,Optimization terminated successfully. (HiGHS Status 7: Optimal),1.0,46368,18816,5316,0.10552009964214068,0.0,59.06246080608516,0.0,64721.89091003005,0.7129785517052838,0,59.06246080608516,0,singular,0.0001015419838950038,0.0034988350234925747,A singular matrix detected: slice(s) [0] are singular.,rank_deficient,0.00022458296734839678,0.0036218760069459677,,0.020192753420128346,0.2212734547874608,31.0,-191.74090850943676,279449.8784858206,0.23927326165856358,0,,,,
adlittle_1_sparse_1,adlittle,0.75,sparse,1,2819817462214476064,56,138,42,225494.96316238024,0.0013235000078566372,7.904198719188571e-05,6.862502777948976e-05,0.0029688329668715596,0.003116499981842935,optimal,Optimization terminated successfully. (HiGHS Status 7: Optimal),0.6007591442374051,41956,9580,5316,0.18100088878804413,0.0,92.80531491912643,0.0,-99733.44077059004,1.442286778258419,0,92.80531491912643,0,singular,0.00012866599718108773,0.003245165979024023,A singular matrix detected: slice(s) [0] are singular.,rank_deficient,0.0002174999681301415,0.0033339999499730766,,0.02619152946722791,0.5098556592161585,31.25210471759752,-22570958176134.664,77280430577470.0,342714663.1932747,0,,,,
adlittle_1_sparse_2,adlittle,0.75,sparse,2,11397156350895265965,56,138,42,225494.96316238024,0.0014716250007040799,9.375001536682248e-05,7.250002818182111e-05,0.003284082980826497,0.0034503330243751407,optimal,Optimization terminated successfully. (HiGHS Status 7: Optimal),0.6012767425810904,41992,9688,5316,0.10670483716915535,0.0,53.77214178327321,0.0,66902.87684586563,0.7033065576826721,0,45.762623106292324,0,singular,0.0001023329677991569,0.0035526659921742976,A singular matrix detected: slice(s) [0] are singular.,rank_deficient,0.00022958300542086363,0.0036799160297960043,,0.012619171230895834,0.2879011754997857,19.2,-283.3821024217659,309539.1887877756,0.3727099907099681,0,,,,
adlittle_1_countsketch_2,adlittle,0.75,countsketch,2,15772107865203303555,56,138,42,225494.96316238024,0.0014716250007040799,6.891699740663171e-05,3.0416005756706e-05,0.0010478339972905815,0.0011471670004539192,unbounded,The problem is unbounded. (HiGHS Status 10: model_status is Unbounded; primal_status is None),0.0702208419599724,5056,844,5316,,,,,,,,,,,,,,,,,,,,,,,,,1,4.090466514477006e-18,-1.0,0.16694319834490667
adlittle_1_gaussian_2,adlittle,0.75,gaussian,2,15530922158315570181,56,138,42,225494.96316238024,0.0014716250007040799,2.879201201722026e-05,3.066600766032934e-05,0.0036177500151097775,0.003677208034787327,optimal,Optimization terminated successfully. (HiGHS Status 7: Optimal),1.0,46368,18816,5316,0.2516478553434879,0.0,130.56677186971854,0.0,-136296.36888980042,1.6044319880956837,0,125.50170344161097,0,singular,9.9916011095047e-05,0.003777124045882374,A singular matrix detected: slice(s) [0] are singular.,rank_deficient,0.00021729100262746215,0.003894499037414789,,0.021767779267214217,0.27025717386391157,43.0,-389.02253715658895,160115.7543886336,0.2899364484991476,0,,,,
adlittle_1_gaussian_3,adlittle,0.75,gaussian,3,8697693161080653950,56,138,42,225494.96316238024,0.0013274999801069498,2.7999980375170708e-05,3.5582983400672674e-05,0.003624167002271861,0.0036877499660477042,optimal,Optimization terminated successfully. (HiGHS Status 7: Optimal),1.0,46368,18816,5316,0.48073797315483746,0.0,345.5986376056438,0.0,-350021.6084879021,2.5522369261784776,0,345.5986376056438,0,singular,0.00010291702346876264,0.003790666989516467,A singular matrix detected: slice(s) [0] are singular.,rank_deficient,0.00021550001110881567,0.00390324997715652,,0.011400676612572493,0.41478553816445646,31.0,-19152826233117.555,180350891615572.0,799800088.0410144,0,,,,
adlittle_1_sparse_3,adlittle,0.75,sparse,3,3650907000264425681,56,138,42,225494.96316238024,0.0013274999801069498,0.00010712497169151902,7.137499051168561e-05,0.003677957982290536,0.003856457944493741,optimal,Optimization terminated successfully. (HiGHS Status 7: Optimal),0.6149068322981367,42940,9664,5316,0.33570180838635616,0.0,162.1821159185971,0.0,-63326.994600606035,1.280835517177401,0,152.56843430031537,0,singular,0.00014274998102337122,0.003999207925517112,A singular matrix detected: slice(s) [0] are singular.,rank_deficient,0.00023233296815305948,0.0040887909126468,,0.008494442067245615,0.510269671248414,20.6,-14143703178048.05,785814700996991.5,3484843695.624486,0,,,,
adlittle_1_countsketch_3,adlittle,0.75,countsketch,3,12420809595623104044,56,138,42,225494.96316238024,0.0013274999801069498,8.670799434185028e-05,3.258301876485348e-05,0.0011352910078130662,0.00125458202091977,unbounded,The problem is unbounded. (HiGHS Status 10: model_status is Unbounded; primal_status is Feasible),0.07039337474120083,5068,844,5316,,,,,,,,,,,,,,,,,,,,,,,,,1,0.0,-1.0,0.0011074197120708748
adlittle_1_countsketch_4,adlittle,0.75,countsketch,4,8918246374215467588,56,138,42,225494.96316238024,0.0015855419915169477,8.041702676564455e-05,3.195804310962558e-05,0.001085833995603025,0.001198209065478295,unbounded,The problem is unbounded. (HiGHS Status 10: model_status is Unbounded; primal_status is Feasible),0.06849551414768806,4936,844,5316,,,,,,,,,,,,,,,,,,,,,,,,,1,2.5124384643716842e-20,-1.0000000000000002,0.004086416463756838
adlittle_1_gaussian_4,adlittle,0.75,gaussian,4,4375468355571497594,56,138,42,225494.96316238024,0.0015855419915169477,2.216699067503214e-05,2.78339721262455e-05,0.003335084009449929,0.0033850849722512066,optimal,Optimization terminated successfully. (HiGHS Status 7: Optimal),1.0,46368,18816,5316,0.31808691351060225,0.0,141.31822465948406,0.0,-469821.6636701012,3.0835128957261007,0,126.01661361987777,0,singular,8.916697697713971e-05,0.0034742519492283463,A singular matrix detected: slice(s) [0] are singular.,rank_deficient,0.00021316600032150745,0.003598250972572714,,0.016400882148562827,0.3239726365764956,43.0,-396.68522113127284,38587.46137780254,0.8288766150842337,0,,,,
adlittle_1_sparse_4,adlittle,0.75,sparse,4,11390700074387841967,56,138,42,225494.96316238024,0.0015855419915169477,8.929194882512093e-05,9.68750100582838e-05,0.003929124970454723,0.004115291929338127,optimal,Optimization terminated successfully. (HiGHS Status 7: Optimal),0.6100759144237405,42604,9280,5316,0.6001128610393146,0.0,276.2943594814625,0.0,-848735.3911154212,4.763877379843034,0,228.5925325748469,0,singular,0.00014537503011524677,0.004260666959453374,A singular matrix detected: slice(s) [0] are singular.,rank_deficient,0.0002239999594166875,0.004339291888754815,,0.02619162611153204,0.6758316088817066,60.0,-1019728.1702495419,54496.8753142535,0.7583233144103091,0,,,,
adlittle_1_sparse_5,adlittle,0.75,sparse,5,11856746489493708754,56,138,42,225494.96316238024,0.001542665995657444,9.141600457951427e-05,7.141695823520422e-05,0.0033730410505086184,0.003535874013323337,optimal,Optimization terminated successfully. (HiGHS Status 7: Optimal),0.6188750862663907,43216,9784,5316,0.1703339689875728,0.0,84.92063098872715,0.0,33861.752851520374,0.8498336620178237,0,84.92063098872715,0,singular,0.000139000010676682,0.003674874024000019,A singular matrix detected: slice(s) [0] are singular.,rank_deficient,0.00023245904594659805,0.003768333059269935,,0.012980081485878484,0.3086945435961831,31.0,-20504311955380.152,376989449717201.0,1671830910.1220756,0,,,,
adlittle_1_countsketch_5,adlittle,0.75,countsketch,5,1443450361147935412,56,138,42,225494.96316238024,0.001542665995657444,8.72919918037951e-05,2.987496554851532e-05,0.0011969999759458005,0.001314166933298111,unbounded,The problem is unbounded. (HiGHS Status 10: model_status is Unbounded; primal_status is Feasible),0.06935817805383022,4996,844,5316,,,,,,,,,,,,,,,,,,,,,,,,,1,0.0,-1.0,0.0008210180623973727
adlittle_1_gaussian_5,adlittle,0.75,gaussian,5,5452964323142688653,56,138,42,225494.96316238024,0.001542665995657444,2.5333021767437458e-05,3.370898775756359e-05,0.0034710000036284328,0.003530042013153434,optimal,Optimization terminated successfully. (HiGHS Status 7: Optimal),1.0,46368,18816,5316,0.16856917201362778,0.0,109.72511042974246,0.0,-133492.20566928835,1.5919963967140136,0,74.95186479335067,0,singular,8.708296809345484e-05,0.0036171249812468886,A singular matrix detected: slice(s) [0] are singular.,rank_deficient,0.00022300001000985503,0.003753042023163289,,0.02086383710874313,0.06490894373628331,60.0,-46.62849020576284,249244.13747582017,0.10532019864380744,0,,,,
adlittle_1_gaussian_6,adlittle,0.75,gaussian,6,16098022595906132349,56,138,42,225494.96316238024,0.0013873339630663395,2.4999957531690598e-05,3.304204437881708e-05,0.0036277089966461062,0.003685750998556614,optimal,Optimization terminated successfully. (HiGHS Status 7: Optimal),1.0,46368,18816,5316,0.3418406081669607,0.0,157.79231246256307,0.0,-239399.92252429406,2.061664168311825,0,157.79231246256307,0,singular,0.00010695797391235828,0.003792708972468972,A singular matrix detected: slice(s) [0] are singular.,rank_deficient,0.000250459008384496,0.00393621000694111,,0.010931116321867706,0.16512231441424405,43.0,-374.88787878787934,235700.4209244395,0.04525802979781083,0,,,,
adlittle_1_sparse_6,adlittle,0.75,sparse,6,8875149576296027820,56,138,42,225494.96316238024,0.0013873339630663395,0.00011574995005503297,6.975000724196434e-05,0.0035976250073872507,0.003783124964684248,optimal,Optimization terminated successfully. (HiGHS Status 7: Optimal),0.6038647342995169,42172,9616,5316,0.11144885585140907,0.0,74.4543475116696,0.0,60226.866676485166,0.732912585576843,0,47.6898044602478,0,singular,0.00012595899170264602,0.003909083956386894,A singular matrix detected: slice(s) [0] are singular.,rank_deficient,0.00024999998277053237,0.00403312494745478,,0.013627865984501148,0.4925893158407717,31.0,-23227076927906.773,-21904547385924.0,97139853.16667749,0,,,,
adlittle_1_countsketch_6,adlittle,0.75,countsketch,6,6398201161278733209,56,138,42,225494.96316238024,0.0013873339630663395,7.775000995025039e-05,3.141601337119937e-05,0.0012524999910965562,0.001361666014418006,unbounded,The problem is unbounded. (HiGHS Status 10: model_status is Unbounded; primal_status is Feasible),0.06970324361628709,5020,844,5316,,,,,,,,,,,,,,,,,,,,,,,,,1,0.0,-1.0,0.005521936459909229
adlittle_1_countsketch_7,adlittle,0.75,countsketch,7,16305542390331834914,56,138,42,225494.96316238024,0.0013032500282861292,6.229098653420806e-05,2.6458001229912043e-05,0.0009186670067720115,0.0010074159945361316,unbounded,The problem is unbounded. (HiGHS Status 10: model_status is Unbounded; primal_status is Feasible),0.07056590752242926,5080,844,5316,,,,,,,,,,,,,,,,,,,,,,,,,1,0.0,-1.0,0.0011074197120708748
adlittle_1_gaussian_7,adlittle,0.75,gaussian,7,3943189552285506289,56,138,42,225494.96316238024,0.0013032500282861292,2.3833010345697403e-05,3.6582991015166044e-05,0.0036085419706068933,0.0036689579719677567,optimal,Optimization terminated successfully. (HiGHS Status 7: Optimal),1.0,46368,18816,5316,0.32796387743673217,0.0,216.92534402178075,0.0,-176677.15704698983,1.7835082192934109,0,216.92534402178075,0,singular,0.00010687502799555659,0.0037758329999633133,A singular matrix detected: slice(s) [0] are singular.,rank_deficient,0.0002685829531401396,0.003937540925107896,,0.010200264975721662,0.21923350309115133,31.0,-304.12135962082453,141884.34609284392,0.3707870716798576,0,,,,
adlittle_1_sparse_7,adlittle,0.75,sparse,7,797273222990277264,56,138,42,225494.96316238024,0.0013032500282861292,9.391701314598322e-05,6.81670499034226e-05,0.003130667028017342,0.003292751091066748,optimal,Optimization terminated successfully. (HiGHS Status 7: Optimal),0.6054175293305728,42280,9484,5316,0.1014161165255002,0.0,57.52277357026434,0.0,77288.08313297623,0.6572513991041093,0,57.52277357026434,0,singular,0.00010562496026977897,0.003398376051336527,A singular matrix detected: slice(s) [0] are singular.,rank_deficient,0.00022845802595838904,0.003521209117025137,,0.006720326964303753,0.5004007288943442,19.2,-757883.1801739995,3208541.9122119844,13.22888505896025,0,,,,
adlittle_1_sparse_8,adlittle,0.75,sparse,8,13864682511643080863,56,138,42,225494.96316238024,0.0013645000290125608,8.224998600780964e-05,7.037498289719224e-05,0.003493500000331551,0.0036461249692365527,optimal,Optimization terminated successfully. (HiGHS Status 7: Optimal),0.6359558316080055,44404,10036,5316,0.7938833490926254,0.0,417.645394888072,0.0,-633565.2245654307,3.8096646403103764,0,324.4771306876322,0,singular,0.00012925005285069346,0.003775375022087246,A singular matrix detected: slice(s) [0] are singular.,rank_deficient,0.0002359169884584844,0.003882041957695037,,0.01892907531639151,0.528243966566645,60.0,-1113974842732834.1,1.678881123604448e+16,74453154076.56917,0,,,,
adlittle_1_countsketch_8,adlittle,0.75,countsketch,8,819269719439110000,56,138,42,225494.96316238024,0.0013645000290125608,8.062500273808837e-05,2.829195000231266e-05,0.0010560409864410758,0.0011649579391814768,unbounded,The problem is unbounded. (HiGHS Status 10: model_status is Unbounded; primal_status is Feasible),0.06608005521049,4768,844,5316,,,,,,,,,,,,,,,,,,,,,,,,,1,0.0,-1.0,0.0011074197120708748
adlittle_1_gaussian_8,adlittle,0.75,gaussian,8,16928306078864965470,56,138,42,225494.96316238024,0.0013645000290125608,2.2291031200438738e-05,3.44999716617167e-05,0.0034707089653238654,0.003527499968186021,optimal,Optimization terminated successfully. (HiGHS Status 7: Optimal),1.0,46368,18816,5316,0.40293893426262106,0.0,209.2194222850501,0.0,-752591.9321918035,4.3375110540711175,0,209.2194222850501,0,singular,0.00010787497740238905,0.00363537494558841,A singular matrix detected: slice(s) [0] are singular.,rank_deficient,0.0002502909628674388,0.0037777909310534596,,0.033289864839060705,0.155177778742965,134.0,-163.62916722963547,256305.79734492203,0.13663646296327572,0,,,,
adlittle_1_gaussian_9,adlittle,0.75,gaussian,9,7207124008550918875,56,138,42,225494.96316238024,0.001411166973412037,3.1917006708681583e-05,3.679096698760986e-05,0.003181917010806501,0.0032506249845027924,optimal,Optimization terminated successfully. (HiGHS Status 7: Optimal),1.0,46368,18816,5316,0.3167016365615105,0.0,117.90437255648229,0.0,-241100.81418592256,2.0692070936072504,0,116.37120150408077,0,singular,9.858299745246768e-05,0.00334920798195526,A singular matrix detected: slice(s) [0] are singular.,rank_deficient,0.00022145797265693545,0.003472082957159728,,0.013007062196500378,0.5638077910901234,34.0,-23546900883685.566,-755133953624.0,3348785.1281857085,0,,,,
adlittle_1_sparse_9,adlittle,0.75,sparse,9,10015991709278991876,56,138,42,225494.96316238024,0.001411166973412037,9.091699030250311e-05,6.574997678399086e-05,0.0030820000101812184,0.0032386669772677124,optimal,Optimization terminated successfully. (HiGHS Status 7: Optimal),0.6116287094547964,42712,9652,5316,0.1488151296213247,0.0,62.31385869357814,0.0,5271.041325961312,0.9766245717773944,0,62.31385869357814,0,singular,0.0001099579967558384,0.0033486249740235507,A singular matrix detected: slice(s) [0] are singular.,rank_deficient,0.00030095799593254924,0.0035396249732002616,,0.017158785204253447,0.47411034881253483,41.5,-41593.604900435304,332137.7751257457,0.4729276896822362,0,,,,
adlittle_1_countsketch_9,adlittle,0.75,countsketch,9,9267755204368960450,56,138,42,225494.96316238024,0.001411166973412037,8.095800876617432e-05,2.7542002499103546e-05,0.0012434590025804937,0.0013519590138457716,unbounded,The problem is unbounded. (HiGHS Status 10: model_status is Unbounded; primal_status is Feasible),0.07142857142857142,5140,844,5316,,,,,,,,,,,,,,,,,,,,,,,,,1,0.0,-1.0,0.0011074197120708748
afiro_0_gaussian_0,afiro,0.5,gaussian,0,3274418312192944372,27,51,13,-464.75314285714285,0.0007706669857725501,1.4999997802078724e-05,1.9625003915280104e-05,0.0008435840136371553,0.0008782090153545141,unbounded,The problem is unbounded. (HiGHS Status 10: model_status is Unbounded; primal_status is Feasible),1.0,5304,2808,1336,,,,,,,,,,,,,,,,,,,,,,,,,1,5.427165250714471e-16,-1.0,1.9000302410186656
afiro_0_sparse_0,afiro,0.5,sparse,0,12582620883489543783,27,51,13,-464.75314285714285,0.0007706669857725501,7.224996807053685e-05,3.7416990380734205e-05,0.0008624170441180468,0.0009720840025693178,unbounded,The problem is unbounded. (HiGHS Status 10: model_status is Unbounded; primal_status is Feasible),0.5384615384615384,4340,1616,1336,,,,,,,,,,,,,,,,,,,,,,,,,1,9.037860902922593e-16,-1.0,1.418288796249586
afiro_0_countsketch_0,afiro,0.5,countsketch,0,13409543784567752047,27,51,13,-464.75314285714285,0.0007706669857725501,7.462501525878906e-05,2.3708969820290804e-05,0.0007415839936584234,0.0008399179787375033,unbounded,The problem is unbounded. (HiGHS Status 10: model_status is Unbounded; primal_status is Feasible),0.13725490196078433,1148,380,1336,,,,,,,,,,,,,,,,,,,,,,,,,1,0.0,-1.0,3.346720214190094
afiro_0_countsketch_1,afiro,0.5,countsketch,1,11281834710608194066,27,51,13,-464.75314285714285,0.0007290419889613986,4.93330298922956e-05,2.7374946512281895e-05,0.0006161250057630241,0.0006928329821676016,unbounded,The problem is unbounded. (HiGHS Status 10: model_status is Unbounded; primal_status is Feasible),0.13574660633484162,1136,380,1336,,,,,,,,,,,,,,,,,,,,,,,,,1,0.0,-1.0,1.6666666666666667
afiro_0_gaussian_1,afiro,0.5,gaussian,1,8762805136699525825,27,51,13,-464.75314285714285,0.0007290419889613986,2.0209001377224922e-05,2.179195871576667e-05,0.0007430409896187484,0.00078504194971174,unbounded,The problem is unbounded. (HiGHS Status 10: model_status is Unbounded; primal_status is Feasible),1.0,5304,2808,1336,,,,,,,,,,,,,,,,,,,,,,,,,1,4.259470417383872e-16,-1.0,0.849586183911753
afiro_0_sparse_1,afiro,0.5,sparse,1,5451364608792918404,27,51,13,-464.75314285714285,0.0007290419889613986,4.675000673159957e-05,0.00010787497740238905,0.0009828750044107437,0.0011374999885447323,unbounded,The problem is unbounded. (HiGHS Status 10: model_status is Unbounded; primal_status is None),0.4766214177978884,3848,1412,1336,,,,,,,,,,,,,,,,,,,,,,,,,1,3.0197316862325113e-16,-1.0,1.9368336987719115
afiro_0_sparse_2,afiro,0.5,sparse,2,6456026586101414086,27,51,13,-464.75314285714285,0.0007368329679593444,5.1042006816715e-05,3.0166003853082657e-05,0.0008290839614346623,0.00091029197210446,unbounded,The problem is unbounded. (HiGHS Status 10: model_status is Unbounded; primal_status is Feasible),0.5369532428355958,4328,1556,1336,,,,,,,,,,,,,,,,,,,,,,,,,1,4.663427747795923e-16,-1.0,0.439336762042115
afiro_0_countsketch_2,afiro,0.5,countsketch,2,5431068047915703825,27,51,13,-464.75314285714285,0.0007368329679593444,5.5750017054378986e-05,2.2416003048419952e-05,0.0006270419689826667,0.0007052079890854657,unbounded,The problem is unbounded. (HiGHS Status 10: model_status is Unbounded; primal_status is Feasible),0.14479638009049775,1208,380,1336,,,,,,,,,,,,,,,,,,,,,,,,,1,3.615374449849902e-17,-0.9999999999999999,1.5095967584320151
afiro_0_gaussian_2,afiro,0.5,gaussian,2,8744843243185268505,27,51,13,-464.75314285714285,0.0007368329679593444,1.3542012311518192e-05,2.0875013433396816e-05,0.0007823340129107237,0.0008167510386556387,unbounded,The problem is unbounded. (HiGHS Status 10: model_status is Unbounded; primal_status is Feasible),1.0,5304,2808,1336,,,,,,,,,,,,,,,,,,,,,,,,,1,6.102566089274924e-16,-1.0000000000000002,1.69319487989651
afiro_0_gaussian_3,afiro,0.5,gaussian,3,6771553389098412948,27,51,13,-464.75314285714285,0.0007991250022314489,1.858395989984274e-05,2.4457986000925303e-05,0.0009039579890668392,0.0009469999349676073,unbounded,The problem is unbounded. (HiGHS Status 10: model_status is Unbounded; primal_status is Feasible),1.0,5304,2808,1336,,,,,,,,,,,,,,,,,,,,,,,,,1,2.0911365892424755e-15,-1.0,1.0350743750614928
afiro_0_sparse_3,afiro,0.5,sparse,3,7512765383293978741,27,51,13,-464.75314285714285,0.0007991250022314489,4.187499871477485e-05,2.7166970539838076e-05,0.0007312500383704901,0.000800292007625103,unbounded,The problem is unbounded. (HiGHS Status 10: model_status is Unbounded; primal_status is Feasible),0.444947209653092,3596,1328,1336,,,,,,,,,,,,,,,,,,,,,,,,,1,1.085591697980906e-15,-1.0,1.7784390831587353
afiro_0_countsketch_3,afiro,0.5,countsketch,3,10203490816186027215,27,51,13,-464.75314285714285,0.0007991250022314489,5.008297739550471e-05,2.0041014067828655e-05,0.0005818749777972698,0.0006519989692606032,unbounded,The problem is unbounded. (HiGHS Status 10: model_status is Unbounded; primal_status is Feasible),0.14027149321266968,1172,380,1336,,,,,,,,,,,,,,,,,,,,,,,,,1,2.7755575615628914e-16,-1.0,4.375
afiro_0_countsketch_4,afiro,0.5,countsketch,4,15928439532819475752,27,51,13,-464.75314285714285,0.000710457970853895,5.341594805940986e-05,2.6083027478307486e-05,0.0006167919491417706,0.0006962909246794879,unbounded,The problem is unbounded. (HiGHS Status 10: model_status is Unbounded; primal_status is Feasible),0.13725490196078433,1148,380,1336,,,,,,,,,,,,,,,,,,,,,,,,,1,0.0,-1.0,1.6666666666666667
afiro_0_gaussian_4,afiro,0.5,gaussian,4,16795374726412865522,27,51,13,-464.75314285714285,0.000710457970853895,1.3417040463536978e-05,2.1042011212557554e-05,0.0007499170023947954,0.00078437605407089,unbounded,The problem is unbounded. (HiGHS Status 10: model_status is Unbounded; primal_status is Feasible),1.0,5304,2808,1336,,,,,,,,,,,,,,,,,,,,,,,,,1,1.8921396736989397e-15,-1.0,3.587655592557518
afiro_0_sparse_4,afiro,0.5,sparse,4,6461336718688580635,27,51,13,-464.75314285714285,0.000710457970853895,6.404198938980699e-05,3.7041958421468735e-05,0.0008954170043580234,0.0009965009521692991,unbounded,The problem is unbounded. (HiGHS Status 10: model_status is Unbounded; primal_status is Feasible),0.5173453996983409,4172,1448,1336,,,,,,,,,,,,,,,,,,,,,,,,,1,5.97052876251814e-16,-1.0,1.251832443758428
afiro_0_sparse_5,afiro,0.5,sparse,5,1420832612502039926,27,51,13,-464.75314285714285,0.0007648750324733555,4.5459019020199776e-05,2.8125010430812836e-05,0.0007742500165477395,0.0008478340459987521,unbounded,The problem is unbounded. (HiGHS Status 10: model_status is Unbounded; primal_status is Feasible),0.5339366515837104,4304,1544,1336,,,,,,,,,,,,,,,,,,,,,,,,,1,3.8046282412398516e-16,-0.9999999999999999,0.8796831449956971
afiro_0_countsketch_5,afiro,0.5,countsketch,5,9594349256164284206,27,51,13,-464.75314285714285,0.0007648750324733555,5.5500015150755644e-05,2.2792024537920952e-05,0.0006499589653685689,0.0007282510050572455,unbounded,The problem is unbounded. (HiGHS Status 10: model_status is Unbounded; primal_status is Feasible),0.15233785822021115,1268,380,1336,,,,,,,,,,,,,,,,,,,,,,,,,1,0.0,-1.0,2.9166666666666665
afiro_0_gaussian_5,afiro,0.5,gaussian,5,5383699075719529293,27,51,13,-464.75314285714285,0.0007648750324733555,1.3041018974035978e-05,2.2249994799494743e-05,0.0007287500193342566,0.0007640410331077874,unbounded,The problem is unbounded. (HiGHS Status 10: model_status is Unbounded; primal_status is Feasible),1.0,5304,2808,1336,,,,,,,,,,,,,,,,,,,,,,,,,1,1.2467143279346033e-15,-0.9999999999999998,1.0199720932556435
afiro_0_gaussian_6,afiro,0.5,gaussian,6,4350814409724705865,27,51,13,-464.75314285714285,0.0008021669927984476,1.554097980260849e-05,2.6374997105449438e-05,0.0007577919750474393,0.0007997079519554973,unbounded,The problem is unbounded. (HiGHS Status 10: model_status is Unbounded; primal_status is Feasible),1.0,5304,2808,1336,,,,,,,,,,,,,,,,,,,,,,,,,1,4.281085138546965e-16,-1.0,1.108510669840109
afiro_0_sparse_6,afiro,0.5,sparse,6,14992555263688474509,27,51,13,-464.75314285714285,0.0008021669927984476,4.245794843882322e-05,2.8749986086040735e-05,0.0007400420145131648,0.0008112499490380287,unbounded,The problem is unbounded. (HiGHS Status 10: model_status is Unbounded; primal_status is None),0.48265460030165913,3896,1340,1336,,,,,,,,,,,,,,,,,,,,,,,,,1,5.411361471643718e-16,-1.0,1.3760342746631582
afiro_0_countsketch_6,afiro,0.5,countsketch,6,5652135751794595646,27,51,13,-464.75314285714285,0.0008021669927984476,4.962499951943755e-05,2.0792009308934212e-05,0.0006207909900695086,0.0006912079988978803,unbounded,The problem is unbounded. (HiGHS Status 10: model_status is Unbounded; primal_status is Feasible),0.14027149321266968,1172,380,1336,,,,,,,,,,,,,,,,,,,,,,,,,1,0.0,-1.0,1.6666666666666667
afiro_0_countsketch_7,afiro,0.5,countsketch,7,7260069886027498852,27,51,13,-464.75314285714285,0.0007015420123934746,5.050003528594971e-05,2.237502485513687e-05,0.0006834579980932176,0.0007563330582343042,unbounded,The problem is unbounded. (HiGHS Status 10: model_status is Unbounded; primal_status is Feasible),0.14630467571644043,1220,380,1336,,,,,,,,,,,,,,,,,,,,,,,,,1,2.7755575615628914e-16,-1.0,4.375
afiro_0_gaussian_7,afiro,0.5,gaussian,7,2374636761801396566,27,51,13,-464.75314285714285,0.0007015420123934746,1.454097218811512e-05,2.016598591580987e-05,0.0008390829898416996,0.0008737899479456246,optimal,Optimization terminated successfully. (HiGHS Status 7: Optimal),1.0,5304,2808,1336,6.726005291951384,0.0,2096.8303306560942,0.0,-1587.2092603568697,2.4151662764435584,0,910.9369529353199,0,singular,7.983302930369973e-05,0.0009536229772493243,A singular matrix detected: slice(s) [0] are singular.,rank_deficient,7.54169886931777e-05,0.0009492069366388023,,0.005859804578503152,0.15406839136606953,2.5094580480434843,-231.12364124256771,-539.9808353360253,0.16186591448614718,0,,,,
afiro_0_sparse_7,afiro,0.5,sparse,7,2665556854198392979,27,51,13,-464.75314285714285,0.0007015420123934746,5.854095797985792e-05,3.591598942875862e-05,0.0008854579646140337,0.0009799149120226502,unbounded,The problem is unbounded. (HiGHS Status 10: model_status is Unbounded; primal_status is Feasible),0.5444947209653092,4388,1544,1336,,,,,,,,,,,,,,,,,,,,,,,,,1,7.729939694800755e-16,-1.0,2.2784689466906913
afiro_0_sparse_8,afiro,0.5,sparse,8,16271414922991595579,27,51,13,-464.75314285714285,0.0007625420112162828,4.5000051613897085e-05,2.6958005037158728e-05,0.0007687080069445074,0.0008406660635955632,unbounded,The problem is unbounded. (HiGHS Status 10: model_status is Unbounded; primal_status is Feasible),0.5143288084464555,4148,1460,1336,,,,,,,,,,,,,,,,,,,,,,,,,1,5.5263421070021e-16,-1.0,0.8222845497206478
afiro_0_countsketch_8,afiro,0.5,countsketch,8,14870515313222761515,27,51,13,-464.75314285714285,0.0007625420112162828,5.462497938424349e-05,2.300000051036477e-05,0.0006745000137016177,0.000752124993596226,unbounded,The problem is unbounded. (HiGHS Status 10: model_status is Unbounded; primal_status is Feasible),0.1493212669683258,1244,380,1336,,,,,,,,,,,,,,,,,,,,,,,,,1,0.0,-1.0,2.5
afiro_0_gaussian_8,afiro,0.5,gaussian,8,10440976580196709620,27,51,13,-464.75314285714285,0.0007625420112162828,1.5166995581239462e-05,2.1332991309463978e-05,0.0009473750251345336,0.000983875012025237,unbounded,The problem is unbounded. (HiGHS Status 10: model_status is Unbounded; primal_status is Feasible),1.0,5304,2808,1336,,,,,,,,,,,,,,,,,,,,,,,,,1,9.02474123208286e-16,-1.0,1.0295139831322202
afiro_0_gaussian_9,afiro,0.5,gaussian,9,11818716420043317683,27,51,13,-464.75314285714285,0.0007631249609403312,1.5583005733788013e-05,2.600002335384488e-05,0.0007626249571330845,0.0008042079862207174,unbounded,The problem is unbounded. (HiGHS Status 10: model_status is Unbounded; primal_status is Feasible),1.0,5304,2808,1336,,,,,,,,,,,,,,,,,,,,,,,,,1,8.790635901572617e-16,-1.0,2.8832983333035767
afiro_0_sparse_9,afiro,0.5,sparse,9,11863505885534931787,27,51,13,-464.75314285714285,0.0007631249609403312,3.933301195502281e-05,2.658303128555417e-05,0.0007767500355839729,0.0008426660788245499,unbounded,The problem is unbounded. (HiGHS Status 10: model_status is Unbounded; primal_status is None),0.49924585218702866,4028,1508,1336,,,,,,,,,,,,,,,,,,,,,,,,,1,1.6796902121855808e-15,-1.0,0.9493412412996065
afiro_0_countsketch_9,afiro,0.5,countsketch,9,17378502631056950834,27,51,13,-464.75314285714285,0.0007631249609403312,4.8916961532086134e-05,1.9749975763261318e-05,0.0006052920361980796,0.000673958973493427,unbounded,The problem is unbounded. (HiGHS Status 10: model_status is Unbounded; primal_status is Feasible),0.1478129713423831,1232,380,1336,,,,,,,,,,,,,,,,,,,,,,,,,1,0.0,-1.0,2.5
afiro_1_gaussian_0,afiro,0.75,gaussian,0,9400425113000570056,27,51,20,-464.75314285714285,0.000817290972918272,2.3707980290055275e-05,2.5290995836257935e-05,0.0008487079758197069,0.0008977069519460201,optimal,Optimization terminated successfully. (HiGHS Status 7: Optimal),1.0,8160,4320,1336,0.4787436739382453,0.0,94.51936356430008,0.0,-513.3762988157897,0.1046214677747597,0,58.41127021902205,0,singular,7.345795165747404e-05,0.0009711649036034942,A singular matrix detected: slice(s) [0] are singular.,rank_deficient,8.208397775888443e-05,0.0009797909297049046,,0.025755875556692908,0.27605855329440476,20.755091427601037,-746.444961989148,-473.84133398844045,0.019554878263816626,0,,,,
afiro_1_sparse_0,afiro,0.75,sparse,0,663272639915223803,27,51,20,-464.75314285714285,0.000817290972918272,5.4333999287337065e-05,2.920901170000434e-05,0.0009941249736584723,0.0010776679846458137,unbounded,The problem is unbounded. (HiGHS Status 10: model_status is Unbounded; primal_status is Feasible),0.5078431372549019,6300,2232,1336,,,,,,,,,,,,,,,,,,,,,,,,,1,7.497729815417216e-16,-1.0,1.5119242750613633
afiro_1_countsketch_0,afiro,0.75,countsketch,0,4861329235972175957,27,51,20,-464.75314285714285,0.000817290972918272,7.374997949227691e-05,2.258300082758069e-05,0.0007064170204102993,0.0008027500007301569,unbounded,The problem is unbounded. (HiGHS Status 10: model_status is Unbounded; primal_status is Feasible),0.09901960784313725,1296,408,1336,,,,,,,,,,,,,,,,,,,,,,,,,1,0.0,-1.0,2.9166666666666665
afiro_1_countsketch_1,afiro,0.75,countsketch,1,274116667564948043,27,51,20,-464.75314285714285,0.0007743750466033816,4.545797128230333e-05,2.1292013116180897e-05,0.0006333329947665334,0.0007000829791650176,unbounded,The problem is unbounded. (HiGHS Status 10: model_status is Unbounded; primal_status is Feasible),0.1,1308,408,1336,,,,,,,,,,,,,,,,,,,,,,,,,1,0.0,-1.0000000000000002,1.590909090909091
afiro_1_gaussian_1,afiro,0.75,gaussian,1,4683073442396378934,27,51,20,-464.75314285714285,0.0007743750466033816,1.5375029761344194e-05,2.1707965061068535e-05,0.0009035000111907721,0.0009405830060131848,optimal,Optimization terminated successfully. (HiGHS Status 7: Optimal),1.0,8160,4320,1336,0.5391954319960081,0.0,146.8660945095637,0.0,-555.9099914163708,0.19614035958708506,0,146.8660945095637,0,singular,7.72500061430037e-05,0.0010178330121561885,A singular matrix detected: slice(s) [0] are singular.,rank_deficient,7.137499051168561e-05,0.0010119579965248704,,0.02211059532494975,0.05555844335658486,7.392980705806828,-108.02154923782929,-235.5391354623312,0.4931951745085199,0,,,,
afiro_1_sparse_1,afiro,0.75,sparse,1,9169419238049600033,27,51,20,-464.75314285714285,0.0007743750466033816,5.845900159329176e-05,2.8416980057954788e-05,0.0009006669861264527,0.0009875429677776992,optimal,Optimization terminated successfully. (HiGHS Status 7: Optimal),0.5,6204,2208,1336,1.8941876863746951,0.0,500.0,0.0,-675.4099807376078,0.4532660857017965,0,303.47423380819595,0,singular,6.425002356991172e-05,0.001051792991347611,A singular matrix detected: slice(s) [0] are singular.,rank_deficient,7.429101970046759e-05,0.0010618339874781668,,0.2900315877008899,0.018599907070272346,500.0,-24.176757912410817,-474.6242473293699,0.021239457169763033,0,,,,
afiro_1_sparse_2,afiro,0.75,sparse,2,8233428497520258249,27,51,20,-464.75314285714285,0.000742750009521842,4.63749747723341e-05,2.8083042707294226e-05,0.0011309580295346677,0.001205416047014296,unbounded,The problem is unbounded. (HiGHS Status 10: model_status is Unbounded; primal_status is None),0.5058823529411764,6276,2352,1336,,,,,,,,,,,,,,,,,,,,,,,,,1,9.389175467157905e-16,-1.0,0.611715846165247
afiro_1_countsketch_2,afiro,0.75,countsketch,2,10700452963439997920,27,51,20,-464.75314285714285,0.000742750009521842,7.54169886931777e-05,3.1750008929520845e-05,0.0007505000103265047,0.0008576670079492033,optimal,Optimization terminated successfully. (HiGHS Status 7: Optimal),0.09705882352941177,1272,408,1336,16.341021594461207,0.0,8869.596330275232,-0.0,-6328.0293577981665,12.615893630962049,0,8869.596330275232,0,singular,8.69159703142941e-05,0.0009445829782634974,A singular matrix detected: slice(s) [0] are singular.,rank_deficient,7.162499241530895e-05,0.0009292920003645122,,0.1609373920946821,0.33493194623116274,156.95722003212154,-1086.766555033081,-439.77073524810834,0.053754144523802984,0,,,,
afiro_1_gaussian_2,afiro,0.75,gaussian,2,16244277185029459019,27,51,20,-464.75314285714285,0.000742750009521842,1.329201040789485e-05,1.7041980754584074e-05,0.0008651249809190631,0.000895458972081542,optimal,Optimization terminated successfully. (HiGHS Status 7: Optimal),1.0,8160,4320,1336,1.2083876282438815,0.0,218.01787824776943,0.0,-543.9151397462678,0.1703312782404528,0,218.01787824776943,0,singular,4.479201743379235e-05,0.0009402509895153344,A singular matrix detected: slice(s) [0] are singular.,rank_deficient,7.666699821129441e-05,0.0009721259702928364,,0.005859804578501376,0.2794580332749255,2.5094580480443796,-870.5217744056796,-492.8644550029255,0.06048654555182559,0,,,,
afiro_1_gaussian_3,afiro,0.75,gaussian,3,2036123353006017175,27,51,20,-464.75314285714285,0.0007585829589515924,1.7458980437368155e-05,2.0082981791347265e-05,0.0008903749985620379,0.0009279169607907534,optimal,Optimization terminated successfully. (HiGHS Status 7: Optimal),1.0,8160,4320,1336,0.810191503330624,0.0,202.17669916462665,0.0,-742.8019505459074,0.5982720331473519,0,202.17669916462665,0,singular,4.570902092382312e-05,0.0009736259817145765,A singular matrix detected: slice(s) [0] are singular.,rank_deficient,7.462501525878906e-05,0.0010025419760495424,,0.022038920693158694,0.030590540422918686,23.276443090798892,-58.65474750988593,-519.7294790012409,0.11829147793627035,0,,,,
afiro_1_sparse_3,afiro,0.75,sparse,3,1449002395547098042,27,51,20,-464.75314285714285,0.0007585829589515924,5.016598151996732e-05,2.804200630635023e-05,0.0008927499875426292,0.0009709579753689468,optimal,Optimization terminated successfully. (HiGHS Status 7: Optimal),0.49019607843137253,6084,2076,1336,1.4512886682230415,0.0,402.4493550219968,0.0,-697.7134328806646,0.5012559755731008,0,402.4493550219968,0,singular,5.4500007536262274e-05,0.001025457982905209,A singular matrix detected: slice(s) [0] are singular.,rank_deficient,6.616697646677494e-05,0.0010371249518357217,,0.022038920693159398,0.32169140795423384,23.276443090798747,-1365.3464072164847,-483.08412763092696,0.039442411644796,0,,,,
afiro_1_countsketch_3,afiro,0.75,countsketch,3,12314713519132373960,27,51,20,-464.75314285714285,0.0007585829589515924,5.1791954319924116e-05,2.1042011212557554e-05,0.0006820419803261757,0.0007548759458586574,unbounded,The problem is unbounded. (HiGHS Status 10: model_status is Unbounded; primal_status is Feasible),0.09509803921568627,1248,408,1336,,,,,,,,,,,,,,,,,,,,,,,,,1,2.220446049250313e-16,-1.0,1.385666408868265
afiro_1_countsketch_4,afiro,0.75,countsketch,4,17903559931077723808,27,51,20,-464.75314285714285,0.0008369170245714486,6.604095688089728e-05,2.2291962523013353e-05,0.0007240829872898757,0.0008124159066937864,unbounded,The problem is unbounded. (HiGHS Status 10: model_status is Unbounded; primal_status is Feasible),0.09313725490196079,1224,408,1336,,,,,,,,,,,,,,,,,,,,,,,,,1,0.0,-1.0,2.5
afiro_1_gaussian_4,afiro,0.75,gaussian,4,12154320067961013359,27,51,20,-464.75314285714285,0.0008369170245714486,1.7208047211170197e-05,2.19999928958714e-05,0.0008988340268842876,0.0009380420669913292,optimal,Optimization terminated successfully. (HiGHS Status 7: Optimal),1.0,8160,4320,1336,2.561821312867205,0.0,399.0573269881188,0.0,-871.1898629911246,0.8745217248781758,0,397.4020112435001,0,singular,7.416697917506099e-05,0.0010122090461663902,A singular matrix detected: slice(s) [0] are singular.,rank_deficient,6.820802809670568e-05,0.0010062500950880349,,0.43003751304025184,0.09000046083316693,300.0,-89.51275636983978,-182.60855833834648,0.6070848338631306,0,,,,
afiro_1_sparse_4,afiro,0.75,sparse,4,1728487358407718627,27,51,20,-464.75314285714285,0.0008369170245714486,4.6041037421673536e-05,2.7125002816319466e-05,0.0008661660249345005,0.0009393320651724935,optimal,Optimization terminated successfully. (HiGHS Status 7: Optimal),0.5019607843137255,6228,2184,1336,11.848651109477956,0.0,3249.3183066910337,0.0,-1475.7289084601384,2.1752962430503717,0,1422.7734402493265,0,singular,5.7958008255809546e-05,0.000997290073428303,A singular matrix detected: slice(s) [0] are singular.,rank_deficient,5.820801015943289e-05,0.0009975400753319263,,0.5402910962817098,0.04312255809527976,500.0,-81.73040292449268,-176.9920420675332,0.6191697790800362,0,,,,
afiro_1_sparse_5,afiro,0.75,sparse,5,9715035269137012791,27,51,20,-464.75314285714285,0.0007918750052340329,6.029201904311776e-05,3.129197284579277e-05,0.001004124991595745,0.0010957089834846556,optimal,Optimization terminated successfully. (HiGHS Status 7: Optimal),0.515686274509804,6396,2280,1336,2.1384083096172106,0.0,369.3922459570991,0.0,-907.0694036783199,0.9517230117089008,0,369.3922459570991,0,singular,7.979199290275574e-05,0.0011755009763874114,A singular matrix detected: slice(s) [0] are singular.,rank_deficient,8.762499783188105e-05,0.0011833339813165367,,0.1754200586882479,0.3033897356457184,142.69595805402548,-724.4224902677959,-411.77261750680805,0.11399713194972434,0,,,,
afiro_1_countsketch_5,afiro,0.75,countsketch,5,13451910424159889406,27,51,20,-464.75314285714285,0.0007918750052340329,6.78329961374402e-05,2.0791019778698683e-05,0.0007528330315835774,0.0008414570474997163,unbounded,The problem is unbounded. (HiGHS Status 10: model_status is Unbounded; primal_status is Feasible),0.0892156862745098,1176,408,1336,,,,,,,,,,,,,,,,,,,,,,,,,1,0.0,-1.0,1.6666666666666667
afiro_1_gaussian_5,afiro,0.75,gaussian,5,11485028477031252996,27,51,20,-464.75314285714285,0.0007918750052340329,1.3499986380338669e-05,1.9291997887194157e-05,0.0008857909706421196,0.0009185829549096525,optimal,Optimization terminated successfully. (HiGHS Status 7: Optimal),1.0,8160,4320,1336,6.022650396999963,0.0,1193.0807898566286,0.0,-1256.004073656495,1.7025187305566412,0,1193.0807898566286,0,singular,6.258301436901093e-05,0.0009811659692786634,A singular matrix detected: slice(s) [0] are singular.,rank_deficient,7.283297600224614e-05,0.0009914159309118986,,0.022245018552526852,0.5010551005060208,23.27332255216844,-92739762905201.8,-1443314924298.694,3105551723.568637,0,,,,
afiro_1_gaussian_6,afiro,0.75,gaussian,6,7588297829474118871,27,51,20,-464.75314285714285,0.0007335839909501374,1.1000025551766157e-05,1.687504118308425e-05,0.0008009159937500954,0.0008287910604849458,optimal,Optimization terminated successfully. (HiGHS Status 7: Optimal),1.0,8160,4320,1336,6.2752336450976784,0.0,1275.8114569327836,0.0,-1335.4820648688735,1.8735299274337083,0,1275.8114569327836,0,singular,6.895896513015032e-05,0.0008977500256150961,A singular matrix detected: slice(s) [0] are singular.,rank_deficient,6.054097320884466e-05,0.0008893320336937904,,0.3584061602591608,0.12043248921732028,162.9776445116861,-212.45283018867855,-286.0949021886637,0.3844153469735559,0,,,,
afiro_1_sparse_6,afiro,0.75,sparse,6,8059956803474874434,27,51,20,-464.75314285714285,0.0007335839909501374,4.950002767145634e-05,2.9334041755646467e-05,0.0009277090430259705,0.0010065431124530733,optimal,Optimization terminated successfully. (HiGHS Status 7: Optimal),0.5176470588235295,6420,2352,1336,19.186058501762417,0.0,4472.654066029558,0.0,-4026.5867792289882,7.66392587358294,0,4472.654066029558,0,singular,6.074999691918492e-05,0.0010672931093722582,A singular matrix detected: slice(s) [0] are singular.,rank_deficient,6.462499732151628e-05,0.0010711681097745895,,0.14303934579958777,0.2464921694904326,181.44991138492702,-548.8637901614634,-154.91607216504005,0.6666701999847291,0,,,,
afiro_1_countsketch_6,afiro,0.75,countsketch,6,11912097896940417785,27,51,20,-464.75314285714285,0.0007335839909501374,5.279097240418196e-05,2.120796125382185e-05,0.0006768330349586904,0.0007508319686166942,unbounded,The problem is unbounded. (HiGHS Status 10: model_status is Unbounded; primal_status is Feasible),0.09313725490196079,1224,408,1336,,,,,,,,,,,,,,,,,,,,,,,,,1,2.7755575615628914e-16,-1.0,4.375
afiro_1_countsketch_7,afiro,0.75,countsketch,7,11033364685281771604,27,51,20,-464.75314285714285,0.0007491250289604068,5.2749994210898876e-05,2.1417043171823025e-05,0.0006425830069929361,0.000716750044375658,unbounded,The problem is unbounded. (HiGHS Status 10: model_status is Unbounded; primal_status is Feasible),0.09411764705882353,1236,408,1336,,,,,,,,,,,,,,,,,,,,,,,,,1,0.0,-1.0,2.5
afiro_1_gaussian_7,afiro,0.75,gaussian,7,18201237415095311914,27,51,20,-464.75314285714285,0.0007491250289604068,1.4833000022917986e-05,2.0749983377754688e-05,0.0009672500309534371,0.0010028330143541098,unbounded,The problem is unbounded. (HiGHS Status 10: model_status is Unbounded; primal_status is Feasible),1.0,8160,4320,1336,,,,,,,,,,,,,,,,,,,,,,,,,1,6.618681031596042e-16,-1.0,0.8358418902980852
afiro_1_sparse_7,afiro,0.75,sparse,7,10233273977310818358,27,51,20,-464.75314285714285,0.0007491250289604068,4.166702274233103e-05,3.3208983950316906e-05,0.0008447919972240925,0.0009196680039167404,optimal,Optimization terminated successfully. (HiGHS Status 7: Optimal),0.492156862745098,6108,2220,1336,3.724707130411555,0.0,602.6177117836702,0.0,-1079.9223607275685,1.3236472465545395,0,602.6177117836702,0,singular,8.437503129243851e-05,0.001004043035209179,A singular matrix detected: slice(s) [0] are singular.,rank_deficient,7.100001676008105e-05,0.0009906680206768215,,0.14303934579960687,0.46973463418517986,181.44991138492662,-8651.355772243864,-396.5338862592361,0.1467860038095023,0,,,,
afiro_1_sparse_8,afiro,0.75,sparse,8,15357490740605750379,27,51,20,-464.75314285714285,0.0007284589810296893,4.412501584738493e-05,2.779101487249136e-05,0.0008183330064639449,0.0008902490371838212,optimal,Optimization terminated successfully. (HiGHS Status 7: Optimal),0.5009803921568627,6216,2280,1336,2.3647925878842466,0.0,310.0,0.0,-1099.2784236716977,1.3652952983033342,0,309.6721432462517,0,singular,6.1208033002913e-05,0.0009514570701867342,A singular matrix detected: slice(s) [0] are singular.,rank_deficient,7.162505062296987e-05,0.0009618740878067911,,0.2646571381780714,0.1291424329147561,181.44991138492682,-197.05927007668402,-122.03232331172757,0.7374255017157825,0,,,,
afiro_1_countsketch_8,afiro,0.75,countsketch,8,17731516233314786505,27,51,20,-464.75314285714285,0.0007284589810296893,5.037500523030758e-05,2.6458001229912043e-05,0.0006654579774476588,0.0007422909839078784,unbounded,The problem is unbounded. (HiGHS Status 10: model_status is Unbounded; primal_status is Feasible),0.09215686274509804,1212,408,1336,,,,,,,,,,,,,,,,,,,,,,,,,1,1.7023419710919066e-16,-1.0,2.9166666666666665
afiro_1_gaussian_8,afiro,0.75,gaussian,8,12280167236798174389,27,51,20,-464.75314285714285,0.0007284589810296893,1.3832992408424616e-05,2.3209024220705032e-05,0.0008468749583698809,0.0008839169749990106,optimal,Optimization terminated successfully. (HiGHS Status 7: Optimal),1.0,8160,4320,1336,0.2048004891306105,0.0,46.85357977266056,0.0,-510.543284297215,0.09852572735403159,0,46.85357977266056,0,singular,0.00011870899470523,0.0010026259697042406,A singular matrix detected: slice(s) [0] are singular.,rank_deficient,7.7791977673769e-05,0.0009617089526727796,,3.119925872790422e-15,0.1525988114086638,6.01597210639119e-13,-184.61491402282894,-464.75314285714194,1.9569414768917255e-15,0,,,,
afiro_1_gaussian_9,afiro,0.75,gaussian,9,1550417631553907641,27,51,20,-464.75314285714285,0.0007800830062478781,1.2832984793931246e-05,2.3333006538450718e-05,0.0008525419980287552,0.0008887079893611372,optimal,Optimization terminated successfully. (HiGHS Status 7: Optimal),1.0,8160,4320,1336,0.474741035284361,0.0,79.11545643698906,0.0,-513.4593758130192,0.10480022288057507,0,79.11545643698906,0,singular,4.137499490752816e-05,0.0009300829842686653,A singular matrix detected: slice(s) [0] are singular.,rank_deficient,5.9750047512352467e-05,0.0009484580368734896,,0.023357230669487576,0.05824416727100081,21.464143326425614,-160.7522725298185,-635.852461477541,0.3681509662711226,0,,,,
afiro_1_sparse_9,afiro,0.75,sparse,9,8959156393836745841,27,51,20,-464.75314285714285,0.0007800830062478781,4.6083005145192146e-05,2.7959002181887627e-05,0.0008892079931683838,0.0009632500004954636,optimal,Optimization terminated successfully. (HiGHS Status 7: Optimal),0.5166666666666667,6408,2412,1336,0.5535449351842778,0.0,91.5615015449486,0.0,-552.2420330488594,0.18824808726169098,0,91.5615015449486,0,singular,4.8707996029406786e-05,0.0010119579965248704,A singular matrix detected: slice(s) [0] are singular.,rank_deficient,5.4541975259780884e-05,0.0010177919757552445,,0.0058598045785049485,0.41220989976677586,2.509458048044877,-2721.6474619913097,-460.0129997513391,0.010199270685213556,0,,,,
afiro_1_countsketch_9,afiro,0.75,countsketch,9,5533255634767266166,27,51,20,-464.75314285714285,0.0007800830062478781,5.008396692574024e-05,2.0083971321582794e-05,0.0006124170031398535,0.0006825849413871765,unbounded,The problem is unbounded. (HiGHS Status 10: model_status is Unbounded; primal_status is Feasible),0.09509803921568627,1248,408,1336,,,,,,,,,,,,,,,,,,,,,,,,,1,0.0,-1.0,2.9166666666666665
blend_0_gaussian_0,blend,0.5,gaussian,0,12822555793229218264,74,114,37,-30.812149845828245,0.0013745000469498336,3.674998879432678e-05,4.1457999031990767e-05,0.003142207977361977,0.0032204159651882946,unbounded,The problem is unbounded. (HiGHS Status 10: model_status is Unbounded; primal_status is Feasible),1.0,33744,21904,6564,,,,,,,,,,,,,,,,,,,,,,,,,1,2.8449465006019636e-15,-0.9999999999999999,0.19067466586133108
blend_0_sparse_0,blend,0.5,sparse,0,6397877946349579190,74,114,37,-30.812149845828245,0.0013745000469498336,8.754199370741844e-05,6.741704419255257e-05,0.0026929170126095414,0.0028478760505095124,unbounded,The problem is unbounded. (HiGHS Status 10: model_status is Unbounded; primal_status is Feasible),0.6391654812707445,32504,10988,6564,,,,,,,,,,,,,,,,,,,,,,,,,1,5.844121376238092e-15,-0.9999999999999998,0.09502802475532982
blend_0_countsketch_0,blend,0.5,countsketch,0,9145793650007156805,74,114,37,-30.812149845828245,0.0013745000469498336,6.741599645465612e-05,2.675002906471491e-05,0.0011415000190027058,0.0012356660445220768,unbounded,The problem is unbounded. (HiGHS Status 10: model_status is Unbounded; primal_status is Feasible),0.1116642958748222,5804,1040,6564,,,,,,,,,,,,,,,,,,,,,,,,,1,0.0,-1.0,0.18181818181818182
blend_0_countsketch_1,blend,0.5,countsketch,1,4378446959205122002,74,114,37,-30.812149845828245,0.0013537919730879366,6.541702896356583e-05,3.712496254593134e-05,0.0009906250052154064,0.0010931669967249036,unbounded,The problem is unbounded. (HiGHS Status 10: model_status is Unbounded; primal_status is Feasible),0.11427216690374585,5936,1040,6564,,,,,,,,,,,,,,,,,,,,,,,,,1,0.0,-1.0,0.36363636363636365
blend_0_gaussian_1,blend,0.5,gaussian,1,14884327471338114077,74,114,37,-30.812149845828245,0.0013537919730879366,2.295803278684616e-05,3.0458031687885523e-05,0.002608707989566028,0.00266212405404076,unbounded,The problem is unbounded. (HiGHS Status 10: model_status is Unbounded; primal_status is Feasible),1.0,33744,21904,6564,,,,,,,,,,,,,,,,,,,,,,,,,1,1.554312234475219e-14,-0.9999999999999655,0.12314045671937418
blend_0_sparse_1,blend,0.5,sparse,1,9216195709839520257,74,114,37,-30.812149845828245,0.0013537919730879366,8.804199751466513e-05,6.7666987888515e-05,0.0027626249939203262,0.0029183339793235064,unbounded,The problem is unbounded. (HiGHS Status 10: model_status is Unbounded; primal_status is Feasible),0.673067804646752,34220,11444,6564,,,,,,,,,,,,,,,,,,,,,,,,,1,2.0895757328295276e-15,-0.9999999999999936,0.11108366664026129
blend_0_sparse_2,blend,0.5,sparse,2,250326982865384979,74,114,37,-30.812149845828245,0.0013647089945152402,9.216699982061982e-05,7.270899368450046e-05,0.0031980419880710542,0.0033629179815761745,unbounded,The problem is unbounded. (HiGHS Status 10: model_status is Unbounded; primal_status is Feasible),0.6384542437174016,32468,10976,6564,,,,,,,,,,,,,,,,,,,,,,,,,1,9.248276287989425e-15,-0.9999999999999984,0.115422780326839
blend_0_countsketch_2,blend,0.5,countsketch,2,14204603756786947587,74,114,37,-30.812149845828245,0.0013647089945152402,9.529100498184562e-05,3.629201091825962e-05,0.001277000003028661,0.0014085830189287663,unbounded,The problem is unbounded. (HiGHS Status 10: model_status is Unbounded; primal_status is Feasible),0.11095305832147938,5768,1040,6564,,,,,,,,,,,,,,,,,,,,,,,,,1,1.726681965284042e-16,-1.0,0.2242057759481609
blend_0_gaussian_2,blend,0.5,gaussian,2,15211116966134805593,74,114,37,-30.812149845828245,0.0013647089945152402,2.2666994482278824e-05,4.0000013541430235e-05,0.0029654999962076545,0.0030281670042313635,unbounded,The problem is unbounded. (HiGHS Status 10: model_status is Unbounded; primal_status is Feasible),1.0,33744,21904,6564,,,,,,,,,,,,,,,,,,,,,,,,,1,7.591149930874508e-15,-1.0,0.09171547008850749
blend_0_gaussian_3,blend,0.5,gaussian,3,3780595565306405288,74,114,37,-30.812149845828245,0.0014902499970048666,3.108300734311342e-05,3.9458973333239555e-05,0.0027503330493345857,0.0028208750300109386,unbounded,The problem is unbounded. (HiGHS Status 10: model_status is Unbounded; primal_status is Feasible),1.0,33744,21904,6564,,,,,,,,,,,,,,,,,,,,,,,,,1,5.655198531684391e-15,-1.0,0.2777301580227378
blend_0_sparse_3,blend,0.5,sparse,3,1364517648326918174,74,114,37,-30.812149845828245,0.0014902499970048666,8.49170028232038e-05,7.212499622255564e-05,0.003175541991367936,0.0033325839904136956,unbounded,The problem is unbounded. (HiGHS Status 10: model_status is Unbounded; primal_status is Feasible),0.666429587482219,33884,11480,6564,,,,,,,,,,,,,,,,,,,,,,,,,1,1.0558479996853958e-14,-0.9999999999999996,0.07550840015568258
blend_0_countsketch_3,blend,0.5,countsketch,3,4647603147136786056,74,114,37,-30.812149845828245,0.0014902499970048666,6.683397805318236e-05,2.620898885652423e-05,0.0011166249751113355,0.0012096679420210421,unbounded,The problem is unbounded. (HiGHS Status 10: model_status is Unbounded; primal_status is Feasible),0.11047889995258417,5744,1040,6564,,,,,,,,,,,,,,,,,,,,,,,,,1,0.0,-1.0,0.36363636363636365
blend_0_countsketch_4,blend,0.5,countsketch,4,14875676262724407188,74,114,37,-30.812149845828245,0.001343625015579164,7.350003579631448e-05,3.2791984267532825e-05,0.0009715420310385525,0.0010778340511023998,unbounded,The problem is unbounded. (HiGHS Status 10: model_status is Unbounded; primal_status is Feasible),0.10763394973921289,5600,1040,6564,,,,,,,,,,,,,,,,,,,,,,,,,1,0.0,-1.0,0.47329751069196185
blend_0_gaussian_4,blend,0.5,gaussian,4,14472946024918211316,74,114,37,-30.812149845828245,0.001343625015579164,3.295904025435448e-05,4.816602449864149e-05,0.003235667012631893,0.003316792077384889,unbounded,The problem is unbounded. (HiGHS Status 10: model_status is Unbounded; primal_status is Feasible),1.0,33744,21904,6564,,,,,,,,,,,,,,,,,,,,,,,,,1,2.6853519408120974e-15,-1.0000000000000004,0.17126499983716412
blend_0_sparse_4,blend,0.5,sparse,4,12592543412582924946,74,114,37,-30.812149845828245,0.001343625015579164,0.00010504201054573059,6.53750030323863e-05,0.0029354169964790344,0.0031058340100571513,unbounded,The problem is unbounded. (HiGHS Status 10: model_status is Unbounded; primal_status is Feasible),0.6597913703176861,33548,10964,6564,,,,,,,,,,,,,,,,,,,,,,,,,1,1.5772891994148642e-15,-0.9999999999999999,0.11278236690621479
blend_0_sparse_5,blend,0.5,sparse,5,12627071231549764989,74,114,37,-30.812149845828245,0.0013850840041413903,8.433399489149451e-05,7.504201494157314e-05,0.0028199999942444265,0.002979376004077494,unbounded,The problem is unbounded. (HiGHS Status 10: model_status is Unbounded; primal_status is Feasible),0.6372688477951636,32408,10808,6564,,,,,,,,,,,,,,,,,,,,,,,,,1,3.5244091551694735e-15,-0.9999999999999999,0.1256313870700071
blend_0_countsketch_5,blend,0.5,countsketch,5,12960917422406683678,74,114,37,-30.812149845828245,0.0013850840041413903,6.837502587586641e-05,2.8916983865201473e-05,0.001011290994938463,0.0011085830046795309,unbounded,The problem is unbounded. (HiGHS Status 10: model_status is Unbounded; primal_status is Feasible),0.10668563300142248,5552,1040,6564,,,,,,,,,,,,,,,,,,,,,,,,,1,1.9685394942087883e-16,-1.0,0.46463330295746436
blend_0_gaussian_5,blend,0.5,gaussian,5,12784404885547502101,74,114,37,-30.812149845828245,0.0013850840041413903,2.5333021767437458e-05,3.1957984901964664e-05,0.0032410419662483037,0.0032983329729177058,unbounded,The problem is unbounded. (HiGHS Status 10: model_status is Unbounded; primal_status is Feasible),1.0,33744,21904,6564,,,,,,,,,,,,,,,,,,,,,,,,,1,1.8596235662471372e-15,-1.0,0.12132143576320006
blend_0_gaussian_6,blend,0.5,gaussian,6,11546073923707896680,74,114,37,-30.812149845828245,0.0013128750142641366,2.758402843028307e-05,3.408297197893262e-05,0.002876125043258071,0.0029377920436672866,unbounded,The problem is unbounded. (HiGHS Status 10: model_status is Unbounded; primal_status is Feasible),1.0,33744,21904,6564,,,,,,,,,,,,,,,,,,,,,,,,,1,2.1510571102112408e-16,-1.0,0.18931304779775435
blend_0_sparse_6,blend,0.5,sparse,6,15921675865629962690,74,114,37,-30.812149845828245,0.0013128750142641366,8.795899339020252e-05,6.3000014051795e-05,0.002643875021021813,0.0027948340284638107,unbounded,The problem is unbounded. (HiGHS Status 10: model_status is Unbounded; primal_status is Feasible),0.6410621147463252,32600,11252,6564,,,,,,,,,,,,,,,,,,,,,,,,,1,5.4503663886251986e-15,-1.0000000000000144,0.10267261269566783
blend_0_countsketch_6,blend,0.5,countsketch,6,13678180820068451303,74,114,37,-30.812149845828245,0.0013128750142641366,9.09580267034471e-05,2.8708018362522125e-05,0.0010643749847076833,0.0011840410297736526,unbounded,The problem is unbounded. (HiGHS Status 10: model_status is Unbounded; primal_status is Feasible),0.11284969179706021,5864,1040,6564,,,,,,,,,,,,,,,,,,,,,,,,,1,2.1420066257703729e-16,-1.0000000000000002,0.39748743332834713
blend_0_countsketch_7,blend,0.5,countsketch,7,2894966551545760880,74,114,37,-30.812149845828245,0.001474916993174702,7.362500764429569e-05,3.004097379744053e-05,0.0010122920502908528,0.001115958031732589,unbounded,The problem is unbounded. (HiGHS Status 10: model_status is Unbounded; primal_status is Feasible),0.112375533428165,5840,1040,6564,,,,,,,,,,,,,,,,,,,,,,,,,1,5.551115123125783e-17,-1.0,0.47619047619047616
blend_0_gaussian_7,blend,0.5,gaussian,7,9151902293869908972,74,114,37,-30.812149845828245,0.001474916993174702,2.8542010113596916e-05,3.024999750778079e-05,0.0027228749822825193,0.002781666989903897,unbounded,The problem is unbounded. (HiGHS Status 10: model_status is Unbounded; primal_status is Feasible),1.0,33744,21904,6564,,,,,,,,,,,,,,,,,,,,,,,,,1,1.099120794378905e-14,-0.9999999999999998,0.17097731020094167
blend_0_sparse_7,blend,0.5,sparse,7,1434626533126772224,74,114,37,-30.812149845828245,0.001474916993174702,0.00011966703459620476,6.11250288784504e-05,0.002768374979496002,0.0029491670429706573,unbounded,The problem is unbounded. (HiGHS Status 10: model_status is Unbounded; primal_status is Feasible),0.6467520151730678,32888,11336,6564,,,,,,,,,,,,,,,,,,,,,,,,,1,1.163371584467827e-15,-0.999999999999999,0.15489657824006903
blend_0_sparse_8,blend,0.5,sparse,8,14520102405643303144,74,114,37,-30.812149845828245,0.0014650420052930713,8.070800686255097e-05,6.629101699218154e-05,0.002943833009339869,0.0030908320331946015,unbounded,The problem is unbounded. (HiGHS Status 10: model_status is Unbounded; primal_status is Feasible),0.6458036984352774,32840,10868,6564,,,,,,,,,,,,,,,,,,,,,,,,,1,1.6025635890397492e-13,-1.0000000000001927,0.1696163423027051
blend_0_countsketch_8,blend,0.5,countsketch,8,5740816324250651374,74,114,37,-30.812149845828245,0.0014650420052930713,7.408298552036285e-05,2.68329749815166e-05,0.0010767079656943679,0.0011776239261962473,unbounded,The problem is unbounded. (HiGHS Status 10: model_status is Unbounded; primal_status is Feasible),0.11308677098150782,5876,1040,6564,,,,,,,,,,,,,,,,,,,,,,,,,1,0.0,-1.0,0.5
blend_0_gaussian_8,blend,0.5,gaussian,8,4442752815735391447,74,114,37,-30.812149845828245,0.0014650420052930713,3.4582975786179304e-05,3.4958007745444775e-05,0.0027633749996311963,0.0028329159831628203,unbounded,The problem is unbounded. (HiGHS Status 10: model_status is Unbounded; primal_status is Feasible),1.0,33744,21904,6564,,,,,,,,,,,,,,,,,,,,,,,,,1,1.2906342661267445e-15,-1.0,0.32203763388017864
blend_0_gaussian_9,blend,0.5,gaussian,9,15999134680501185494,74,114,37,-30.812149845828245,0.0013422080082818866,2.7125002816319466e-05,3.504200140014291e-05,0.003272250003647059,0.0033344170078635216,unbounded,The problem is unbounded. (HiGHS Status 10: model_status is Unbounded; primal_status is Feasible),1.0,33744,21904,6564,,,,,,,,,,,,,,,,,,,,,,,,,1,2.005340338229189e-15,-1.0000000000000007,0.0739866409547802
blend_0_sparse_9,blend,0.5,sparse,9,14170701855841253875,74,114,37,-30.812149845828245,0.0013422080082818866,0.00010633398778736591,6.412499351426959e-05,0.002942083985544741,0.0031125429668463767,unbounded,The problem is unbounded. (HiGHS Status 10: model_status is Unbounded; primal_status is Feasible),0.6353722143195828,32312,10892,6564,,,,,,,,,,,,,,,,,,,,,,,,,1,1.9326799718604686e-15,-1.0000000000000007,0.07165035651464391
blend_0_countsketch_9,blend,0.5,countsketch,9,16514637386288348969,74,114,37,-30.812149845828245,0.0013422080082818866,7.716601248830557e-05,3.004202153533697e-05,0.0010447499807924032,0.0011519580148160458,unbounded,The problem is unbounded. (HiGHS Status 10: model_status is Unbounded; primal_status is Feasible),0.11000474158368895,5720,1040,6564,,,,,,,,,,,,,,,,,,,,,,,,,1,0.0,-1.0,0.5
blend_1_gaussian_0,blend,0.75,gaussian,0,1714664697845380805,74,114,55,-30.812149845828245,0.0013332919916138053,2.9083050321787596e-05,4.137499490752816e-05,0.004399832978378981,0.004470291023608297,optimal,Optimization terminated successfully. (HiGHS Status 7: Optimal),1.0,50160,32560,6564,7.089969984050776,0.0,46.991714335111766,0.0,-809.7156328417186,25.27910213643689,0,46.991714335111766,0,singular,0.00012066698400303721,0.004590958007611334,A singular matrix detected: slice(s) [0] are singular.,rank_deficient,0.0004196250229142606,0.004889916046522558,,0.11180556084797875,0.3883495158003842,1.35693359375,-786248152297.9177,2350.0364837646484,77.26979926825285,0,,,,
blend_1_sparse_0,blend,0.75,sparse,0,17837778766745554069,74,114,55,-30.812149845828245,0.0013332919916138053,0.0001217919634655118,9.062502067536116e-05,0.00369337503798306,0.003905792022123933,optimal,Optimization terminated successfully. (HiGHS Status 7: Optimal),0.6545454545454545,49472,16772,6564,3.555455166972225,0.0,22.782017867150753,0.0,-362.356665356151,10.760187691194538,0,20.90174051501166,0,singular,0.00012725003762170672,0.0040330420597456396,A singular matrix detected: slice(s) [0] are singular.,rank_deficient,0.00038300000596791506,0.004288792028091848,,0.08508721775293811,0.7336065573753078,3.661171875,-100317954372069.25,-28159425788695.477,913906557301.6892,0,,,,
blend_1_countsketch_0,blend,0.75,countsketch,0,11297108263671721750,74,114,55,-30.812149845828245,0.0013332919916138053,7.245899178087711e-05,2.762500662356615e-05,0.0012475830153562129,0.0013476670137606561,unbounded,The problem is unbounded. (HiGHS Status 10: model_status is Unbounded; primal_status is Feasible),0.07719298245614035,6032,1112,6564,,,,,,,,,,,,,,,,,,,,,,,,,1,1.8454617178114038e-16,-0.9999999999999999,0.21529764374905463
blend_1_countsketch_1,blend,0.75,countsketch,1,17523615876174559419,74,114,55,-30.812149845828245,0.001348583959043026,7.808295777067542e-05,2.96669895760715e-05,0.0009626669925637543,0.0010704169399105012,unbounded,The problem is unbounded. (HiGHS Status 10: model_status is Unbounded; primal_status is Feasible),0.07623604465709728,5960,1112,6564,,,,,,,,,,,,,,,,,,,,,,,,,1,0.0,-1.0,0.5
blend_1_gaussian_1,blend,0.75,gaussian,1,7932792218812781547,74,114,55,-30.812149845828245,0.001348583959043026,2.724997466430068e-05,3.370898775756359e-05,0.004306124988943338,0.004367083951365203,optimal,Optimization terminated successfully. (HiGHS Status 7: Optimal),1.0,50160,32560,6564,9.88372077982118,0.0,67.07500199011898,0.0,-822.7118542387827,25.700890991226057,0,51.872591189088226,0,singular,0.00012162496568635106,0.004488708917051554,A singular matrix detected: slice(s) [0] are singular.,rank_deficient,0.00040358398109674454,0.004770667932461947,,0.05860381597162831,0.25992691220909725,3.659057413688079,-49.67099643693813,-7.009435918607586,0.7725106507114882,0,,,,
blend_1_sparse_1,blend,0.75,sparse,1,12879500340777019860,74,114,55,-30.812149845828245,0.001348583959043026,0.00012699997751042247,8.962501306086779e-05,0.003701707988511771,0.003918332979083061,optimal,Optimization terminated successfully. (HiGHS Status 7: Optimal),0.6553429027113238,49532,17132,6564,3.7695333383526775,0.0,21.513608155633545,0.0,-346.69383050158063,10.251854616970865,0,21.513608155633545,0,singular,0.00013295799726620317,0.004051290976349264,A singular matrix detected: slice(s) [0] are singular.,rank_deficient,0.0003870410146191716,0.004305373993702233,,0.009856193487079848,0.29197080293002853,0.2100372314453125,-945941217607.2041,1513505948204.4102,49120426708.561554,0,,,,
blend_1_sparse_2,blend,0.75,sparse,2,9155618050352823179,74,114,55,-30.812149845828245,0.0014537500101141632,0.00011412502499297261,8.458399679511786e-05,0.0034937079763039947,0.003692416998092085,optimal,Optimization terminated successfully. (HiGHS Status 7: Optimal),0.6390749601275917,48308,16028,6564,7.926737613214896,0.0,49.69307423595157,0.0,-835.9954393383262,26.132006157354006,0,33.185120811526645,0,singular,0.00013895804295316339,0.0038313750410452485,A singular matrix detected: slice(s) [0] are singular.,rank_deficient,0.00037633301690220833,0.0040687500149942935,,0.03769505152172221,0.30207610900676024,0.9721716751757193,-43.91166519608613,19.753445331522958,1.64109273226183,0,,,,
blend_1_countsketch_2,blend,0.75,countsketch,2,8497749597387791873,74,114,55,-30.812149845828245,0.0014537500101141632,7.84999574534595e-05,2.662499900907278e-05,0.0012257499620318413,0.0013308749184943736,unbounded,The problem is unbounded. (HiGHS Status 10: model_status is Unbounded; primal_status is Feasible),0.07751196172248803,6056,1112,6564,,,,,,,,,,,,,,,,,,,,,,,,,1,0.0,-1.0,0.5
blend_1_gaussian_2,blend,0.75,gaussian,2,5599898593075905590,74,114,55,-30.812149845828245,0.0014537500101141632,2.804200630635023e-05,3.2291049137711525e-05,0.005444917012937367,0.005505250068381429,unbounded,The problem is unbounded. (HiGHS Status 10: model_status is Unbounded; primal_status is Feasible),1.0,50160,32560,6564,,,,,,,,,,,,,,,,,,,,,,,,,1,1.2490009027033011e-15,-0.9999999999999998,0.04559816053729001
blend_1_gaussian_3,blend,0.75,gaussian,3,15609348235323454354,74,114,55,-30.812149845828245,0.0014827499981038272,4.175002686679363e-05,4.3874955736100674e-05,0.004043249995447695,0.0041288749780505896,optimal,Optimization terminated successfully. (HiGHS Status 7: Optimal),1.0,50160,32560,6564,6.891952927026148,0.0,40.96745351250192,0.0,-772.2082242316953,24.06180932182657,0,40.96745351250192,0,singular,0.00010908296098932624,0.004237957939039916,A singular matrix detected: slice(s) [0] are singular.,rank_deficient,0.0003776670200750232,0.004506541998125613,,0.02266672781293754,0.37666136200185146,0.56304931640625,-376341986761.7056,-419527431852.4925,13615649473.367777,0,,,,
blend_1_sparse_3,blend,0.75,sparse,3,6916823774945270850,74,114,55,-30.812149845828245,0.0014827499981038272,0.00011129101039841771,8.837500354275107e-05,0.004049208015203476,0.004248874029144645,optimal,Optimization terminated successfully. (HiGHS Status 7: Optimal),0.6521531100478469,49292,16736,6564,5.835097134110505,0.0,28.072607187087673,0.0,-598.2503157082472,18.416052391723852,0,28.072607187087673,0,singular,0.00015416694805026054,0.004403040977194905,A singular matrix detected: slice(s) [0] are singular.,rank_deficient,0.0003783340216614306,0.004627208050806075,,0.12745137475604304,0.46181807114136836,3.63779296875,-6445314546127.473,1359934041554.0352,44136291962.40499,0,,,,
blend_1_countsketch_3,blend,0.75,countsketch,3,1179642292296889239,74,114,55,-30.812149845828245,0.0014827499981038272,8.774996967986226e-05,3.1790987122803926e-05,0.0012649589916691184,0.0013844999484717846,unbounded,The problem is unbounded. (HiGHS Status 10: model_status is Unbounded; primal_status is Feasible),0.07751196172248803,6056,1112,6564,,,,,,,,,,,,,,,,,,,,,,,,,1,1.4955731959005514e-16,-1.0000000000000002,1.5162599315293963
blend_1_countsketch_4,blend,0.75,countsketch,4,12621457947027707013,74,114,55,-30.812149845828245,0.002163916011340916,9.579095058143139e-05,3.20419785566628e-05,0.0012218750198371708,0.001349707948975265,unbounded,The problem is unbounded. (HiGHS Status 10: model_status is Unbounded; primal_status is Feasible),0.08022328548644338,6260,1112,6564,,,,,,,,,,,,,,,,,,,,,,,,,1,0.0,-1.0,0.36363636363636365
blend_1_gaussian_4,blend,0.75,gaussian,4,4020670818860901692,74,114,55,-30.812149845828245,0.002163916011340916,3.7582998629659414e-05,3.520800964906812e-05,0.004173874971456826,0.004246665979735553,optimal,Optimization terminated successfully. (HiGHS Status 7: Optimal),1.0,50160,32560,6564,9.75833462717631,0.0,48.52569201142764,0.0,-780.1356154185786,24.319090661380894,0,48.52569201142764,0,singular,0.00011733401333913207,0.004363999993074685,A singular matrix detected: slice(s) [0] are singular.,rank_deficient,0.00037816696567460895,0.004624832945410162,,0.06797734384445295,0.3336703368999391,3.6615234374999996,-8848506415083.906,-14936789518573.148,484769468968.57556,0,,,,
blend_1_sparse_4,blend,0.75,sparse,4,11890953413555521756,74,114,55,-30.812149845828245,0.002163916011340916,0.00011175003601238132,8.979201084002852e-05,0.0038623749860562384,0.004063917032908648,optimal,Optimization terminated successfully. (HiGHS Status 7: Optimal),0.6472089314194578,48920,16760,6564,5.396477631961288,0.0,29.46804819075744,0.0,-550.6530616353181,16.87129636817188,0,29.46804819075744,0,singular,0.00014454196207225323,0.0042084589949809015,A singular matrix detected: slice(s) [0] are singular.,rank_deficient,0.0004110840382054448,0.004475001071114093,,0.044560176748110525,0.4072009719048589,3.6724016524286673,-97.43723519105217,67.6267033765169,3.1948063901705677,0,,,,
blend_1_sparse_5,blend,0.75,sparse,5,5109883842139109359,74,114,55,-30.812149845828245,0.0015409589977934957,0.00012758298544213176,9.166699601337314e-05,0.0037527919630520046,0.0039720419445075095,optimal,Optimization terminated successfully. (HiGHS Status 7: Optimal),0.6318979266347687,47768,15836,6564,8.581056476946873,0.0,39.085196411325924,0.0,-799.4823923674159,24.946985081135466,0,39.085196411325924,0,singular,0.00013958301860839128,0.004111624963115901,A singular matrix detected: slice(s) [0] are singular.,rank_deficient,0.00038191600469872355,0.004353957949206233,,0.12833515945477808,0.43233588548398705,1.3778192688381523,-409.6845939451114,-32.98476559264371,0.07051165717700235,0,,,,
blend_1_countsketch_5,blend,0.75,countsketch,5,11257725950439848919,74,114,55,-30.812149845828245,0.0015409589977934957,8.591596269980073e-05,2.800003858283162e-05,0.001422166998963803,0.0015360830002464354,unbounded,The problem is unbounded. (HiGHS Status 10: model_status is Unbounded; primal_status is Feasible),0.0773524720893142,6044,1112,6564,,,,,,,,,,,,,,,,,,,,,,,,,1,2.3305157785567566e-16,-1.0,0.4497745504756086
blend_1_gaussian_5,blend,0.75,gaussian,5,66487502200220757,74,114,55,-30.812149845828245,0.0015409589977934957,3.483303589746356e-05,3.316695801913738e-05,0.005240375001449138,0.005308374995365739,unbounded,The problem is unbounded. (HiGHS Status 10: model_status is Unbounded; primal_status is Feasible),1.0,50160,32560,6564,,,,,,,,,,,,,,,,,,,,,,,,,1,6.897260540483785e-15,-0.9999999999999998,0.0792868997180263
blend_1_gaussian_6,blend,0.75,gaussian,6,7638642505476801274,74,114,55,-30.812149845828245,0.0013876669690944254,3.4584023524075747e-05,4.2082974687218666e-05,0.0049997090245597064,0.005076376022771001,optimal,Optimization terminated successfully. (HiGHS Status 7: Optimal),1.0,50160,32560,6564,3.8858706991555962,0.0,24.548344107536213,0.0,-423.8331049105727,12.755388930381852,0,24.548344107536213,0,singular,0.000126665981952101,0.005203042004723102,A singular matrix detected: slice(s) [0] are singular.,rank_deficient,0.00038766697980463505,0.005464043002575636,,0.0751412545813656,0.3422580500999358,1.6632195118228292,-88.32854793587788,-53.77627991677417,0.745294638181669,0,,,,
blend_1_sparse_6,blend,0.75,sparse,6,9758498353436524007,74,114,55,-30.812149845828245,0.0013876669690944254,0.0001313749817200005,8.195801638066769e-05,0.0038014999590814114,0.0040148329571820796,optimal,Optimization terminated successfully. (HiGHS Status 7: Optimal),0.6444976076555023,48716,16184,6564,8.733653621709472,0.0,62.72764926348754,0.0,-936.6615599900784,29.399097910297098,0,62.72764926348754,0,singular,0.00011437502689659595,0.0041292079840786755,A singular matrix detected: slice(s) [0] are singular.,rank_deficient,0.000371375004760921,0.0043862079619430006,,0.014327352821776764,0.2932379206973001,0.7503953825517491,-41.661635332992105,-76.80777719146285,1.4927756607629927,0,,,,
blend_1_countsketch_6,blend,0.75,countsketch,6,18306152655247593576,74,114,55,-30.812149845828245,0.0013876669690944254,6.59169745631516e-05,2.604199107736349e-05,0.0012363750138320029,0.001328333979472518,unbounded,The problem is unbounded. (HiGHS Status 10: model_status is Unbounded; primal_status is Feasible),0.07894736842105263,6164,1112,6564,,,,,,,,,,,,,,,,,,,,,,,,,1,0.0,-1.0,0.2777777777777778
blend_1_countsketch_7,blend,0.75,countsketch,7,6623197883391280087,74,114,55,-30.812149845828245,0.001445333007723093,7.279199780896306e-05,2.775003667920828e-05,0.0011352910078130662,0.0012358330423012376,unbounded,The problem is unbounded. (HiGHS Status 10: model_status is Unbounded; primal_status is Feasible),0.07958532695374801,6212,1112,6564,,,,,,,,,,,,,,,,,,,,,,,,,1,2.3968056423161465e-16,-1.0000000000000002,0.3956260552867217
blend_1_gaussian_7,blend,0.75,gaussian,7,483715656062932582,74,114,55,-30.812149845828245,0.001445333007723093,2.8749986086040735e-05,3.69579647667706e-05,0.003930333012249321,0.003996040963102132,optimal,Optimization terminated successfully. (HiGHS Status 7: Optimal),1.0,50160,32560,6564,42.32025360165188,0.0,348.97429232423326,0.0,-1813.3970565915533,57.85331162106739,0,238.24552322218636,0,singular,0.00011958298273384571,0.004115623945835978,A singular matrix detected: slice(s) [0] are singular.,rank_deficient,0.0003980410401709378,0.00439408200327307,,0.1121441617177616,0.5241968249285237,1.5530285644531254,-1637346446239.864,1560713263085.6248,50652527360.9802,0,,,,
blend_1_sparse_7,blend,0.75,sparse,7,9098179020405970495,74,114,55,-30.812149845828245,0.001445333007723093,0.00012229196727275848,9.083299664780498e-05,0.003673958999570459,0.0038870839634910226,optimal,Optimization terminated successfully. (HiGHS Status 7: Optimal),0.6513556618819777,49232,16712,6564,9.837877645414055,0.0,51.66695736836206,0.0,-810.6221459202113,25.30852277352416,0,51.66695736836206,0,singular,0.0001111250021494925,0.003998208965640515,A singular matrix detected: slice(s) [0] are singular.,rank_deficient,0.00037145899841561913,0.004258542961906642,,0.015679092152574955,0.5080939541977034,0.4524968114455845,-1118.3514413440232,192.03749290821798,7.232524957495575,0,,,,
blend_1_sparse_8,blend,0.75,sparse,8,9610979333450659265,74,114,55,-30.812149845828245,0.0014354159939102829,9.854196105152369e-05,8.195900591090322e-05,0.004414000024553388,0.004594500991515815,unbounded,The problem is unbounded. (HiGHS Status 10: model_status is Unbounded; primal_status is Feasible),0.6604465709728867,49916,16304,6564,,,,,,,,,,,,,,,,,,,,,,,,,1,3.373532071235323e-14,-0.9999999999999368,0.07333432672258108
blend_1_countsketch_8,blend,0.75,countsketch,8,16258828014739977674,74,114,55,-30.812149845828245,0.0014354159939102829,7.229199400171638e-05,3.162503708153963e-05,0.0011427500285208225,0.0012466670596040785,unbounded,The problem is unbounded. (HiGHS Status 10: model_status is Unbounded; primal_status is Feasible),0.07655502392344497,5984,1112,6564,,,,,,,,,,,,,,,,,,,,,,,,,1,8.011033218826403e-17,-0.9999999999999997,0.14732655809901382
blend_1_gaussian_8,blend,0.75,gaussian,8,14837813184916763808,74,114,55,-30.812149845828245,0.0014354159939102829,3.466702764853835e-05,4.4249987695366144e-05,0.004136000003200024,0.004214917018543929,optimal,Optimization terminated successfully. (HiGHS Status 7: Optimal),1.0,50160,32560,6564,8.748944801108632,0.0,48.08814499140618,0.0,-863.7114497357918,27.031521787913558,0,34.943304936728474,0,singular,0.00013241602573543787,0.004347333044279367,A singular matrix detected: slice(s) [0] are singular.,rank_deficient,0.0003898339928127825,0.004604751011356711,,0.1209965296977737,0.24410415933983626,1.3530449500427366,-63.00691603134201,11.305815670395944,1.3669271935572738,0,,,,
blend_1_gaussian_9,blend,0.75,gaussian,9,959338666463134796,74,114,55,-30.812149845828245,0.001452583004720509,3.308296436443925e-05,3.950000973418355e-05,0.004431000037584454,0.004503583011683077,optimal,Optimization terminated successfully. (HiGHS Status 7: Optimal),1.0,50160,32560,6564,21.509709637817856,0.0,150.59954322783628,0.0,-1785.3093923023553,56.94173406384605,0,150.59954322783628,0,singular,0.0001051250146701932,0.00460870802635327,A singular matrix detected: slice(s) [0] are singular.,rank_deficient,0.0004042079672217369,0.0049077909789048135,,0.022513408491213246,0.4370355647708777,0.9943604421445225,-424.0028656145234,-5.483389623111886,0.8220380710028807,0,,,,
blend_1_sparse_9,blend,0.75,sparse,9,6551392555992952063,74,114,55,-30.812149845828245,0.001452583004720509,0.00010750000365078449,9.016698459163308e-05,0.003633250016719103,0.0038309170049615204,optimal,Optimization terminated successfully. (HiGHS Status 7: Optimal),0.6424242424242425,48560,16304,6564,6.017349018763804,0.0,32.15314171408441,0.0,-697.4750705535121,21.636365006771687,0,32.15314171408441,0,singular,0.0001408749958500266,0.003971792000811547,A singular matrix detected: slice(s) [0] are singular.,rank_deficient,0.00040662498213350773,0.004237541987095028,,0.026378522282124273,0.20388616768186976,0.6637609143595061,-262.628201428755,-22.25095312415678,0.2778513269768027,0,,,,
blend_1_countsketch_9,blend,0.75,countsketch,9,15659326215457409160,74,114,55,-30.812149845828245,0.001452583004720509,9.304197737947106e-05,2.745899837464094e-05,0.0012904999894089997,0.0014110009651631117,unbounded,The problem is unbounded. (HiGHS Status 10: model_status is Unbounded; primal_status is Feasible),0.07719298245614035,6032,1112,6564,,,,,,,,,,,,,,,,,,,,,,,,,1,1.6653345369377348e-16,-0.9999999999999997,0.10524584172414679
scfxm1_0_gaussian_0,scfxm1,0.5,gaussian,0,2311095661533341382,330,600,165,18416.759028348944,0.005164375004824251,0.005068667000159621,0.0004354170523583889,0.5129988330299966,0.5185029170825146,unbounded,The problem is unbounded. (HiGHS Status 10: model_status is Unbounded; primal_status is None),1.0,792000,435600,34108,,,,,,,,,,,,,,,,,,,,,,,,,1,6.217248937900877e-15,-1.0,0.4140868839307795
scfxm1_0_sparse_0,scfxm1,0.5,sparse,0,10423000324463603211,330,600,165,18416.759028348944,0.005164375004824251,0.0030094580142758787,0.000890833034645766,0.23384549998445436,0.237745791033376,unbounded,The problem is unbounded. (HiGHS Status 10: model_status is Unbounded; primal_status is None),0.6366161616161616,756964,217528,34108,,,,,,,,,,,,,,,,,,,,,,,,,1,2.4021128888304224e-15,-1.0000000000000002,0.021508101607545335
scfxm1_0_countsketch_0,scfxm1,0.5,countsketch,0,4794480247063550815,330,600,165,18416.759028348944,0.005164375004824251,0.00010895798914134502,4.795799031853676e-05,0.0043510840041562915,0.004507999983616173,unbounded,The problem is unbounded. (HiGHS Status 10: model_status is Unbounded; primal_status is Feasible),0.027,32740,4624,34108,,,,,,,,,,,,,,,,,,,,,,,,,1,0.0,-1.0,4.0
scfxm1_0_countsketch_1,scfxm1,0.5,countsketch,1,13074307228270419420,330,600,165,18416.759028348944,0.00468045799061656,0.00010016601299867034,4.916603211313486e-05,0.0045067089959047735,0.004656041041016579,unbounded,The problem is unbounded. (HiGHS Status 10: model_status is Unbounded; primal_status is Feasible),0.02685858585858586,32572,4624,34108,,,,,,,,,,,,,,,,,,,,,,,,,1,0.0,-1.0,1.0
scfxm1_0_gaussian_1,scfxm1,0.5,gaussian,1,16861384807310175836,330,600,165,18416.759028348944,0.00468045799061656,0.00021991698304191232,0.00013691699132323265,0.44802016695030034,0.4483770009246655,unbounded,The problem is unbounded. (HiGHS Status 10: model_status is Unbounded; primal_status is None),1.0,792000,435600,34108,,,,,,,,,,,,,,,,,,,,,,,,,1,1.9567680809018384e-15,-1.0,0.028748418413770675
scfxm1_0_sparse_1,scfxm1,0.5,sparse,1,10490892806276492612,330,600,165,18416.759028348944,0.00468045799061656,0.0007225419976748526,0.000916499993763864,0.26328083395492285,0.26491987594636157,unbounded,The problem is unbounded. (HiGHS Status 10: model_status is Unbounded; primal_status is None),0.6394848484848484,760372,220636,34108,,,,,,,,,,,,,,,,,,,,,,,,,1,5.57698038358339e-16,-1.0000000000000002,0.01994476534702065
scfxm1_0_sparse_2,scfxm1,0.5,sparse,2,10252024308722597397,330,600,165,18416.759028348944,0.0050334170227870345,0.0007081669755280018,0.0008647500071674585,0.2340298749622889,0.23560279194498435,unbounded,The problem is unbounded. (HiGHS Status 10: model_status is Unbounded; primal_status is None),0.6367979797979798,757180,220012,34108,,,,,,,,,,,,,,,,,,,,,,,,,1,3.627455378154392e-16,-0.9999999999999876,0.0187848371092943
scfxm1_0_countsketch_2,scfxm1,0.5,countsketch,2,10050007380428496917,330,600,165,18416.759028348944,0.0050334170227870345,0.00012216600589454174,4.962499951943755e-05,0.004666958004236221,0.004838749009650201,unbounded,The problem is unbounded. (HiGHS Status 10: model_status is Unbounded; primal_status is Feasible),0.02701010101010101,32752,4624,34108,,,,,,,,,,,,,,,,,,,,,,,,,1,0.0,-1.0,1.0
scfxm1_0_gaussian_2,scfxm1,0.5,gaussian,2,6024871428713877523,330,600,165,18416.759028348944,0.0050334170227870345,0.00021704199025407434,0.0002240000176243484,0.440657667000778,0.44109870900865644,unbounded,The problem is unbounded. (HiGHS Status 10: model_status is Unbounded; primal_status is None),1.0,792000,435600,34108,,,,,,,,,,,,,,,,,,,,,,,,,1,1.3877787807814457e-15,-1.0,0.022757778021591634
scfxm1_0_gaussian_3,scfxm1,0.5,gaussian,3,2894584024787825720,330,600,165,18416.759028348944,0.005147457995917648,0.0002321670181117952,0.00020545796724036336,0.5487315829959698,0.549169207981322,unbounded,The problem is unbounded. (HiGHS Status 10: model_status is Unbounded; primal_status is None),1.0,792000,435600,34108,,,,,,,,,,,,,,,,,,,,,,,,,1,1.554312234475219e-14,-1.0,0.04808129240197593
scfxm1_0_sparse_3,scfxm1,0.5,sparse,3,8457638742604300683,330,600,165,18416.759028348944,0.005147457995917648,0.0007815000135451555,0.0009051659726537764,0.23795983294257894,0.23964649892877787,unbounded,The problem is unbounded. (HiGHS Status 10: model_status is Unbounded; primal_status is None),0.6318585858585859,751312,217336,34108,,,,,,,,,,,,,,,,,,,,,,,,,1,1.3569823438242008e-15,-1.0000000000000258,0.01620476921641123
scfxm1_0_countsketch_3,scfxm1,0.5,countsketch,3,13398598304690115751,330,600,165,18416.759028348944,0.005147457995917648,0.00010695902165025473,4.2041996493935585e-05,0.0040730839828029275,0.004222085000947118,unbounded,The problem is unbounded. (HiGHS Status 10: model_status is Unbounded; primal_status is Feasible),0.02711111111111111,32872,4624,34108,,,,,,,,,,,,,,,,,,,,,,,,,1,5.551115123125783e-17,-1.0,0.038461538461538464
scfxm1_0_countsketch_4,scfxm1,0.5,countsketch,4,16789282655740307293,330,600,165,18416.759028348944,0.004838749999180436,9.74580179899931e-05,5.15839783474803e-05,0.004390167014207691,0.004539209010545164,unbounded,The problem is unbounded. (HiGHS Status 10: model_status is Unbounded; primal_status is Feasible),0.02680808080808081,32512,4624,34108,,,,,,,,,,,,,,,,,,,,,,,,,1,0.0,-1.0,1.0
scfxm1_0_gaussian_4,scfxm1,0.5,gaussian,4,5831772011275016817,330,600,165,18416.759028348944,0.004838749999180436,0.00021520804148167372,0.0001372089609503746,0.49669945798814297,0.497051874990575,unbounded,The problem is unbounded. (HiGHS Status 10: model_status is Unbounded; primal_status is None),1.0,792000,435600,34108,,,,,,,,,,,,,,,,,,,,,,,,,1,1.3426759704060487e-15,-1.0,0.03184071679534546
scfxm1_0_sparse_4,scfxm1,0.5,sparse,4,8316875613047865523,330,600,165,18416.759028348944,0.004838749999180436,0.0006414169911295176,0.0008712090202607214,0.24144016596255824,0.24295279197394848,unbounded,The problem is unbounded. (HiGHS Status 10: model_status is Unbounded; primal_status is None),0.6375858585858586,758116,220072,34108,,,,,,,,,,,,,,,,,,,,,,,,,1,4.2874854162036e-15,-0.9999999999999967,0.02072849701548339
scfxm1_0_sparse_5,scfxm1,0.5,sparse,5,16733300861400903041,330,600,165,18416.759028348944,0.005072375002782792,0.0007417079759761691,0.0009056670241989195,0.20094825001433492,0.20259562501451,unbounded,The problem is unbounded. (HiGHS Status 10: model_status is Unbounded; primal_status is None),0.6377676767676768,758332,218296,34108,,,,,,,,,,,,,,,,,,,,,,,,,1,1.0121065945853919e-15,-1.0000000000000129,0.014902313252239834
scfxm1_0_countsketch_5,scfxm1,0.5,countsketch,5,10969800967067268625,330,600,165,18416.759028348944,0.005072375002782792,0.00010975002078339458,4.404096398502588e-05,0.00431970797944814,0.00447349896421656,unbounded,The problem is unbounded. (HiGHS Status 10: model_status is Unbounded; primal_status is Feasible),0.026353535353535355,31972,4624,34108,,,,,,,,,,,,,,,,,,,,,,,,,1,0.0,-1.0,1.0
scfxm1_0_gaussian_5,scfxm1,0.5,gaussian,5,2509778852866943737,330,600,165,18416.759028348944,0.005072375002782792,0.0002061250270344317,0.00012441701255738735,0.45566525001777336,0.4559957920573652,unbounded,The problem is unbounded. (HiGHS Status 10: model_status is Unbounded; primal_status is None),1.0,792000,435600,34108,,,,,,,,,,,,,,,,,,,,,,,,,1,6.328271240363392e-15,-1.0,0.07835761689733606
scfxm1_0_gaussian_6,scfxm1,0.5,gaussian,6,17841957350996819504,330,600,165,18416.759028348944,0.00505262496881187,0.0002132499939762056,0.00015216699102893472,0.48544370802119374,0.4858091250061989,unbounded,The problem is unbounded. (HiGHS Status 10: model_status is Unbounded; primal_status is None),1.0,792000,435600,34108,,,,,,,,,,,,,,,,,,,,,,,,,1,1.4398204850607499e-15,-1.0,0.02067407201157352
scfxm1_0_sparse_6,scfxm1,0.5,sparse,6,13854440234051235336,330,600,165,18416.759028348944,0.00505262496881187,0.0007249169866554439,0.0008440000237897038,0.22616741701494902,0.22773633402539417,unbounded,The problem is unbounded. (HiGHS Status 10: model_status is Unbounded; primal_status is None),0.6413636363636364,762604,216184,34108,,,,,,,,,,,,,,,,,,,,,,,,,1,1.6689620266002381e-15,-0.9999999999999998,0.024762271500335758
scfxm1_0_countsketch_6,scfxm1,0.5,countsketch,6,10803776355538270829,330,600,165,18416.759028348944,0.00505262496881187,0.00013279099948704243,4.445796366780996e-05,0.005917083995882422,0.006094332959037274,unbounded,The problem is unbounded. (HiGHS Status 10: model_status is Unbounded; primal_status is Feasible),0.02693939393939394,32668,4624,34108,,,,,,,,,,,,,,,,,,,,,,,,,1,0.0,-1.0,1.0
scfxm1_0_countsketch_7,scfxm1,0.5,countsketch,7,1823623150640768666,330,600,165,18416.759028348944,0.004914957971777767,0.00012620800407603383,5.1709008403122425e-05,0.003920209011994302,0.0040981260244734585,unbounded,The problem is unbounded. (HiGHS Status 10: model_status is Unbounded; primal_status is Feasible),0.026848484848484847,32560,4624,34108,,,,,,,,,,,,,,,,,,,,,,,,,1,0.0,-1.0,0.04
scfxm1_0_gaussian_7,scfxm1,0.5,gaussian,7,8148299916385864975,330,600,165,18416.759028348944,0.004914957971777767,0.0002115420065820217,0.00013291696086525917,0.43964770797174424,0.4399921669391915,unbounded,The problem is unbounded. (HiGHS Status 10: model_status is Unbounded; primal_status is None),1.0,792000,435600,34108,,,,,,,,,,,,,,,,,,,,,,,,,1,7.743805596760467e-15,-1.0000000000000007,0.4001691361046037
scfxm1_0_sparse_7,scfxm1,0.5,sparse,7,2856864119615666083,330,600,165,18416.759028348944,0.004914957971777767,0.0007041249773465097,0.0008436249918304384,0.22481704101664945,0.2263647909858264,unbounded,The problem is unbounded. (HiGHS Status 10: model_status is Unbounded; primal_status is None),0.6358282828282829,756028,215608,34108,,,,,,,,,,,,,,,,,,,,,,,,,1,1.3883922196180622e-15,-0.9999999999999926,0.021997431311002916
scfxm1_0_sparse_8,scfxm1,0.5,sparse,8,9512031017440961265,330,600,165,18416.759028348944,0.0049569589900784194,0.0007279169512912631,0.0008894999627955258,0.255082959018182,0.2567003759322688,unbounded,The problem is unbounded. (HiGHS Status 10: model_status is Unbounded; primal_status is None),0.6377878787878788,758356,217576,34108,,,,,,,,,,,,,,,,,,,,,,,,,1,7.096972996826617e-15,-1.0000000000000437,0.04018924230363681
scfxm1_0_countsketch_8,scfxm1,0.5,countsketch,8,8084925368092344759,330,600,165,18416.759028348944,0.0049569589900784194,0.00012108404189348221,4.937499761581421e-05,0.005026875005569309,0.005197334045078605,unbounded,The problem is unbounded. (HiGHS Status 10: model_status is Unbounded; primal_status is Feasible),0.02615151515151515,31732,4624,34108,,,,,,,,,,,,,,,,,,,,,,,,,1,0.0,-1.0,4.0
scfxm1_0_gaussian_8,scfxm1,0.5,gaussian,8,3609590755284319061,330,600,165,18416.759028348944,0.0049569589900784194,0.00021891598589718342,0.00014949997421354055,0.480035874992609,0.48040429095271975,unbounded,The problem is unbounded. (HiGHS Status 10: model_status is Unbounded; primal_status is None),1.0,792000,435600,34108,,,,,,,,,,,,,,,,,,,,,,,,,1,2.2620794126737565e-15,-1.0,0.04577782595419734
scfxm1_0_gaussian_9,scfxm1,0.5,gaussian,9,703129436016381719,330,600,165,18416.759028348944,0.004884833004325628,0.0002503749565221369,0.00016954203601926565,0.4912874579895288,0.4917073749820702,unbounded,The problem is unbounded. (HiGHS Status 10: model_status is Unbounded; primal_status is None),1.0,792000,435600,34108,,,,,,,,,,,,,,,,,,,,,,,,,1,4.503342143635791e-15,-1.0,0.029938214854337446
scfxm1_0_sparse_9,scfxm1,0.5,sparse,9,323228425577983235,330,600,165,18416.759028348944,0.004884833004325628,0.0008290000259876251,0.0008842080133035779,0.20211333298357204,0.20382654102286324,unbounded,The problem is unbounded. (HiGHS Status 10: model_status is Unbounded; primal_status is None),0.6407777777777778,761908,220528,34108,,,,,,,,,,,,,,,,,,,,,,,,,1,9.045027461146582e-16,-1.000000000000008,0.018578319403333286
scfxm1_0_countsketch_9,scfxm1,0.5,countsketch,9,15578533204216851714,330,600,165,18416.759028348944,0.004884833004325628,0.00010004197247326374,4.1458988562226295e-05,0.0038122920086607337,0.003953792969696224,unbounded,The problem is unbounded. (HiGHS Status 10: model_status is Unbounded; primal_status is Feasible),0.026767676767676767,32464,4624,34108,,,,,,,,,,,,,,,,,,,,,,,,,1,0.0,-1.0,1.0
scfxm1_1_gaussian_0,scfxm1,0.75,gaussian,0,678150435557873782,330,600,247,18416.759028348944,0.005017750023398548,0.00031170801958069205,0.0002234579878859222,0.9196574590168893,0.920192625024356,optimal,Optimization terminated successfully. (HiGHS Status 7: Optimal),1.0,1185600,652080,34108,1.3480157557260115,0.0,394.24465211803795,0.0,-13515.837271153965,1.7338879360016068,0,394.24465211803795,0,singular,0.0010607500444166362,0.9212533750687726,A singular matrix detected: slice(s) [0] are singular.,rank_deficient,0.004393332987092435,0.9245859580114484,,0.07827496890800473,0.07526861523555467,147.0,-1385.0755029712773,18373.672435302353,0.0023395317808235605,0,,,,
scfxm1_1_sparse_0,scfxm1,0.75,sparse,0,1195139425696312557,330,600,247,18416.759028348944,0.005017750023398548,0.001105082978028804,0.0013257500249892473,0.4955233749933541,0.49795420799637213,optimal,Optimization terminated successfully. (HiGHS Status 7: Optimal),0.6378475033738191,1135340,328700,34108,1.368519168502131,0.0,487.4918746789144,0.0,-23225.092812250798,2.261084687946472,0,360.462919804242,0,singular,0.0006735409842804074,0.49862774898065254,A singular matrix detected: slice(s) [0] are singular.,rank_deficient,0.004413124988786876,0.502367332985159,,0.07342812219701081,0.4343557888415446,195.0,-94218.07231841379,58499.6565381987,2.176436008537121,0,,,,
scfxm1_1_countsketch_0,scfxm1,0.75,countsketch,0,4409432080601743262,330,600,247,18416.759028348944,0.005017750023398548,0.00012141600018367171,4.891701973974705e-05,0.005011500034015626,0.0051818330539390445,unbounded,The problem is unbounded. (HiGHS Status 10: model_status is Unbounded; primal_status is Feasible),0.01759784075573549,32288,4952,34108,,,,,,,,,,,,,,,,,,,,,,,,,1,0.0,-1.0,0.04
scfxm1_1_countsketch_1,scfxm1,0.75,countsketch,1,10065956571562512068,330,600,247,18416.759028348944,0.004711167013738304,0.00010233302600681782,5.037500523030758e-05,0.004656709032133222,0.004809417063370347,unbounded,The problem is unbounded. (HiGHS Status 10: model_status is Unbounded; primal_status is Feasible),0.018218623481781375,33392,4952,34108,,,,,,,,,,,,,,,,,,,,,,,,,1,0.0,-1.0,1.0
scfxm1_1_gaussian_1,scfxm1,0.75,gaussian,1,1740212675819453221,330,600,247,18416.759028348944,0.004711167013738304,0.0003013749956153333,0.00018366699805483222,0.931299666990526,0.9317847089841962,optimal,Optimization terminated successfully. (HiGHS Status 7: Optimal),1.0,1185600,652080,34108,1.310527060168972,0.0,356.79819802008865,0.0,-9141.061089553768,1.4963447192572221,0,348.84723949774633,0,singular,0.0006580410408787429,0.9324427500250749,A singular matrix detected: slice(s) [0] are singular.,rank_deficient,0.004415875009726733,0.9362005839939229,,0.11002107938500295,0.12051051008130582,203.5,-17408.96186905199,27959.09217531191,0.5181331379899383,0,,,,
scfxm1_1_sparse_1,scfxm1,0.75,sparse,1,7368637676590299086,330,600,247,18416.759028348944,0.004711167013738304,0.0011240419698879123,0.0012647919938899577,0.49221883300924674,0.4946076669730246,optimal,Optimization terminated successfully. (HiGHS Status 7: Optimal),0.6309649122807017,1123100,325388,34108,1.0494293587088412,0.0,345.7722356116615,0.0,-8014.39515201705,1.4351685950649882,0,345.7722356116615,0,singular,0.0006576250307261944,0.4952652920037508,A singular matrix detected: slice(s) [0] are singular.,rank_deficient,0.004355332988779992,0.4989629999618046,,0.08963903725811347,0.5350134431048317,105.0,-48992826723842.04,-757291055083179.0,41119670075.27744,0,,,,
scfxm1_1_sparse_2,scfxm1,0.75,sparse,2,7113079876024478106,330,600,247,18416.759028348944,0.004872166027780622,0.0010140000376850367,0.0012880000285804272,0.5091768749989569,0.5114788750652224,optimal,Optimization terminated successfully. (HiGHS Status 7: Optimal),0.6363765182186235,1132724,326732,34108,1.9049068375328038,0.0,631.5118343766452,0.0,-30268.514089675482,2.643530984093516,0,631.5118343766452,0,singular,0.0007058749906718731,0.5121847500558943,A singular matrix detected: slice(s) [0] are singular.,rank_deficient,0.004532042017672211,0.5160109170828946,,0.1244468419903533,0.5206096710284288,150.0,-177884951078374.53,-296139855990848.06,16079911538.90955,0,,,,
scfxm1_1_countsketch_2,scfxm1,0.75,countsketch,2,3641831338165963391,330,600,247,18416.759028348944,0.004872166027780622,0.00010991602903231978,5.491595948114991e-05,0.005435750004835427,0.0056005819933488965,unbounded,The problem is unbounded. (HiGHS Status 10: model_status is Unbounded; primal_status is Feasible),0.01827260458839406,33488,4952,34108,,,,,,,,,,,,,,,,,,,,,,,,,1,0.0,-1.0,0.25
scfxm1_1_gaussian_2,scfxm1,0.75,gaussian,2,15315699390181346408,330,600,247,18416.759028348944,0.004872166027780622,0.00030025001615285873,0.00020274997223168612,0.9700055420398712,0.9705085420282558,optimal,Optimization terminated successfully. (HiGHS Status 7: Optimal),1.0,1185600,652080,34108,1.5245302243304426,0.0,573.6601685063081,0.0,-17450.15315323396,1.9475148763348054,0,573.6601685063081,0,singular,0.0007374589913524687,0.9712460010196082,A singular matrix detected: slice(s) [0] are singular.,rank_deficient,0.004357708035968244,0.974866250064224,,0.11378397614073922,0.14887247264331124,147.0,-8620.99224037538,23428.42162207151,0.27212511093879793,0,,,,
scfxm1_1_gaussian_3,scfxm1,0.75,gaussian,3,1790912119641831556,330,600,247,18416.759028348944,0.004959832993336022,0.0003064589691348374,0.00019058299949392676,1.008747374988161,1.0092444169567898,optimal,Optimization terminated successfully. (HiGHS Status 7: Optimal),1.0,1185600,652080,34108,1.0800201630120874,0.0,316.98581812781873,0.0,-15359.036504147212,1.8339706503465147,0,316.98581812781873,0,singular,0.0007082080119289458,1.0099526249687187,A singular matrix detected: slice(s) [0] are singular.,rank_deficient,0.004414625000208616,1.0136590419569984,,0.08242187432367876,0.06846067675005917,100.0,-7950.701520473549,29903.51920096299,0.6237123564972783,0,,,,
scfxm1_1_sparse_3,scfxm1,0.75,sparse,3,12543371448901258960,330,600,247,18416.759028348944,0.004959832993336022,0.0010392499971203506,0.0012725419946946204,0.4088211669586599,0.41113295895047486,optimal,Optimization terminated successfully. (HiGHS Status 7: Optimal),0.6353711201079623,1130936,324728,34108,1.6679010027278336,0.0,498.29298353701967,0.0,-21326.84691629634,2.158013029516643,0,498.29298353701967,0,singular,0.0006608749972656369,0.4117938339477405,A singular matrix detected: slice(s) [0] are singular.,rank_deficient,0.004382207989692688,0.41551516694016755,,0.09684847606248834,0.48563129724268866,270.0,-4900545.162278284,-4338072.282467495,236.5502548407075,0,,,,
scfxm1_1_countsketch_3,scfxm1,0.75,countsketch,3,4776343205161450316,330,600,247,18416.759028348944,0.004959832993336022,0.00011866702698171139,4.3666979763656855e-05,0.0062358329887501895,0.006398166995495558,unbounded,The problem is unbounded. (HiGHS Status 10: model_status is Unbounded; primal_status is Feasible),0.018238866396761134,33428,4952,34108,,,,,,,,,,,,,,,,,,,,,,,,,1,1.3877787807814457e-17,-1.0,0.06896551724137931
scfxm1_1_countsketch_4,scfxm1,0.75,countsketch,4,1226752006644676364,330,600,247,18416.759028348944,0.004668042005505413,9.874999523162842e-05,4.800001624971628e-05,0.0067333749611862,0.006880124972667545,unbounded,The problem is unbounded. (HiGHS Status 10: model_status is Unbounded; primal_status is Feasible),0.018184885290148448,33332,4952,34108,,,,,,,,,,,,,,,,,,,,,,,,,1,3.404683942183813e-17,-1.0,8.333333333333334
scfxm1_1_gaussian_4,scfxm1,0.75,gaussian,4,8764995961482543513,330,600,247,18416.759028348944,0.004668042005505413,0.00032120803371071815,0.0002138750278390944,0.9607781660160981,0.9613132490776479,optimal,Optimization terminated successfully. (HiGHS Status 7: Optimal),1.0,1185600,652080,34108,2.179312511680863,0.0,742.7613672254789,0.0,-23655.25366980311,2.2844417214446118,0,578.7054548908789,0,singular,0.0007277920376509428,0.9620410411152989,A singular matrix detected: slice(s) [0] are singular.,rank_deficient,0.004260332963895053,0.965573582041543,,0.10812052177084532,0.8339038830326307,195.0,-1927291.792458548,-1303755.1515413334,71.79177989647695,0,,,,
scfxm1_1_sparse_4,scfxm1,0.75,sparse,4,8779989180617358024,330,600,247,18416.759028348944,0.004668042005505413,0.0013002079795114696,0.0012795410002581775,0.4769849579897709,0.47956470696954057,optimal,Optimization terminated successfully. (HiGHS Status 7: Optimal),0.6377867746288799,1135232,329036,34108,2.21343742567839,0.0,821.2204653001925,0.0,-29266.445479982038,2.5891202917371157,0,613.2767307525845,0,singular,0.000655542011372745,0.4802202489809133,A singular matrix detected: slice(s) [0] are singular.,rank_deficient,0.004330708994530141,0.4838954159640707,,0.1408676613338669,0.20307114066986132,200.0,-16939.72508994955,25513.30438751065,0.38533084720487365,0,,,,
scfxm1_1_sparse_5,scfxm1,0.75,sparse,5,8207209396340868261,330,600,247,18416.759028348944,0.004989875014871359,0.0010277500259689987,0.0013315000105649233,0.502941666985862,0.5053009170223959,optimal,Optimization terminated successfully. (HiGHS Status 7: Optimal),0.637165991902834,1134128,326660,34108,1.5701422030139864,0.0,431.19525683187265,0.0,-16271.661591205378,1.883524705196956,0,431.19525683187265,0,singular,0.0007093329913914204,0.5060102500137873,A singular matrix detected: slice(s) [0] are singular.,rank_deficient,0.00439283304149285,0.5096937500638887,,0.10492238850546759,0.4578053599542167,200.0,-2625020.7653292962,-2556224.687297714,139.79883444002897,0,,,,
scfxm1_1_countsketch_5,scfxm1,0.75,countsketch,5,5798638239078969304,330,600,247,18416.759028348944,0.004989875014871359,0.00011208298383280635,4.3082982301712036e-05,0.006276541971601546,0.006431707937736064,unbounded,The problem is unbounded. (HiGHS Status 10: model_status is Unbounded; primal_status is Feasible),0.01838731443994602,33692,4952,34108,,,,,,,,,,,,,,,,,,,,,,,,,1,4.207392811575494e-16,-1.0,19.841269841269842
scfxm1_1_gaussian_5,scfxm1,0.75,gaussian,5,15877497110130137483,330,600,247,18416.759028348944,0.004989875014871359,0.000303666980471462,0.00023329199757426977,0.9245626250049099,0.9250995839829557,optimal,Optimization terminated successfully. (HiGHS Status 7: Optimal),1.0,1185600,652080,34108,3.6704212677648855,0.0,888.8596979929088,0.0,-42300.69504357819,3.296858800099663,0,888.8596979929088,0,singular,0.0007180410320870578,0.9258176250150427,A singular matrix detected: slice(s) [0] are singular.,rank_deficient,0.004251166014000773,0.9293507499969564,,0.11682670269130685,0.3622221825309334,243.6112639358036,-85851.20906242114,125179.18159453785,5.797025546234782,0,,,,
scfxm1_1_gaussian_6,scfxm1,0.75,gaussian,6,5305341914433616985,330,600,247,18416.759028348944,0.005191124975681305,0.0003274169866926968,0.00020074995700269938,0.9945905419881456,0.995118708931841,optimal,Optimization terminated successfully. (HiGHS Status 7: Optimal),1.0,1185600,652080,34108,1.7913324604496388,0.0,721.5636306082829,0.0,-27048.452184818118,2.4686868706476743,0,721.5636306082829,0,singular,0.0007578329532407224,0.9958765418850817,A singular matrix detected: slice(s) [0] are singular.,rank_deficient,0.004429374996107072,0.999548083927948,,0.08444098667445255,0.17236541602332242,195.0,-24162.20573611359,44662.035632408086,1.4250757456108183,0,,,,
scfxm1_1_sparse_6,scfxm1,0.75,sparse,6,7004766433762897756,330,600,247,18416.759028348944,0.005191124975681305,0.0010394170531071723,0.0012435410171747208,0.5174971249653026,0.5197800830355845,optimal,Optimization terminated successfully. (HiGHS Status 7: Optimal),0.6353981106612686,1130984,326432,34108,3.2100901515333056,0.0,886.5976590096136,0.0,-30710.554426502218,2.6675330539553355,0,886.5976590096136,0,singular,0.000727499951608479,0.520507582987193,A singular matrix detected: slice(s) [0] are singular.,rank_deficient,0.00448495801538229,0.5242650410509668,,0.0897300411842769,0.1107130521612016,140.41853288426583,-13215.827886674098,32152.37915288631,0.7458217867429392,0,,,,
scfxm1_1_countsketch_6,scfxm1,0.75,countsketch,6,61431687780277777,330,600,247,18416.759028348944,0.005191124975681305,0.00011416699271649122,5.383300594985485e-05,0.004812500032130629,0.004980500030796975,unbounded,The problem is unbounded. (HiGHS Status 10: model_status is Unbounded; primal_status is Feasible),0.01811740890688259,33212,4952,34108,,,,,,,,,,,,,,,,,,,,,,,,,1,0.0,-1.0,0.04
scfxm1_1_countsketch_7,scfxm1,0.75,countsketch,7,6509053285454492191,330,600,247,18416.759028348944,0.004741874989122152,0.00012087495997548103,6.216595647856593e-05,0.005115457985084504,0.005298498901538551,unbounded,The problem is unbounded. (HiGHS Status 10: model_status is Unbounded; primal_status is Feasible),0.018205128205128204,33368,4952,34108,,,,,,,,,,,,,,,,,,,,,,,,,1,0.0,-1.0,1.0
scfxm1_1_gaussian_7,scfxm1,0.75,gaussian,7,9887528077918784151,330,600,247,18416.759028348944,0.004741874989122152,0.0003081670147366822,0.0001915409811772406,1.0043037080322392,1.0048034160281532,optimal,Optimization terminated successfully. (HiGHS Status 7: Optimal),1.0,1185600,652080,34108,1.1593999703311428,0.0,332.5618052422437,0.0,-11981.484922354495,1.6505751041163854,0,332.5618052422437,0,singular,0.0006462080054916441,1.0054496240336448,A singular matrix detected: slice(s) [0] are singular.,rank_deficient,0.004547666001599282,1.0093510820297524,,0.07268908430594148,0.1094823789169847,100.0,-11877.561065324377,32288.82356209981,0.7532304957890569,0,,,,
scfxm1_1_sparse_7,scfxm1,0.75,sparse,7,14185107197091596004,330,600,247,18416.759028348944,0.004741874989122152,0.001042415970005095,0.0012751250178553164,0.4432120420387946,0.445529583026655,optimal,Optimization terminated successfully. (HiGHS Status 7: Optimal),0.6334278002699055,1127480,326216,34108,1.2356556338098117,0.0,346.49716400766374,0.0,-14037.018763563108,1.7621872416289914,0,346.49716400766374,0,singular,0.0006698750075884163,0.44619945803424343,A singular matrix detected: slice(s) [0] are singular.,rank_deficient,0.004451250017154962,0.44998083304381,,0.10037038697512655,0.029680141215919078,150.0,-1465.514959497649,22970.576303121365,0.2472648563062981,0,,,,
scfxm1_1_sparse_8,scfxm1,0.75,sparse,8,9439722863824395915,330,600,247,18416.759028348944,0.004943542007822543,0.0009647089755162597,0.0014329170226119459,0.47777191700879484,0.48016954300692305,optimal,Optimization terminated successfully. (HiGHS Status 7: Optimal),0.6376653171390013,1135016,328388,34108,2.309126372990516,0.0,794.1559007417497,0.0,-36634.23329176729,2.989179162054309,0,794.1559007417497,0,singular,0.0007120419759303331,0.4808815849828534,A singular matrix detected: slice(s) [0] are singular.,rank_deficient,0.004324875015299767,0.4844944180222228,,0.14699658140218974,0.0509478755899388,270.0,-1758.3336700397276,36714.87874824357,0.9935580789067341,0,,,,
scfxm1_1_countsketch_8,scfxm1,0.75,countsketch,8,14414584605002063556,330,600,247,18416.759028348944,0.004943542007822543,0.0001116669736802578,4.354200791567564e-05,0.006635542027652264,0.006790751009248197,unbounded,The problem is unbounded. (HiGHS Status 10: model_status is Unbounded; primal_status is Feasible),0.018245614035087718,33440,4952,34108,,,,,,,,,,,,,,,,,,,,,,,,,1,2.688373742576614e-17,-0.9999999999999999,0.12601015972427895
scfxm1_1_gaussian_8,scfxm1,0.75,gaussian,8,14445192987659424275,330,600,247,18416.759028348944,0.004943542007822543,0.0003184169763699174,0.0002620000159367919,0.9754438340314664,0.9760242510237731,optimal,Optimization terminated successfully. (HiGHS Status 7: Optimal),1.0,1185600,652080,34108,1.4429793804771267,0.0,425.24198538470785,0.0,-14444.76845022257,1.7843273850728958,0,425.24198538470785,0,singular,0.0007081250078044832,0.9767323760315776,A singular matrix detected: slice(s) [0] are singular.,rank_deficient,0.004376791010145098,0.9804010420339182,,0.07911472033170958,0.7277509618408434,100.0,-17124686324813.53,-581892462534.1094,31595813.35973178,0,,,,
scfxm1_1_gaussian_9,scfxm1,0.75,gaussian,9,2701866745681613966,330,600,247,18416.759028348944,0.004846207972150296,0.0003060419694520533,0.0001912920270115137,0.9944182499893941,0.9949155839858577,optimal,Optimization terminated successfully. (HiGHS Status 7: Optimal),1.0,1185600,652080,34108,1.742481416334844,0.0,633.3697442043485,0.0,-22810.62233938888,2.2385796167651675,0,633.3697442043485,0,singular,0.0007641250267624855,0.9956797090126202,A singular matrix detected: slice(s) [0] are singular.,rank_deficient,0.0043135000159963965,0.9992290840018541,,0.12617952405395153,0.11178581405529778,200.0,-9068.092511062758,21866.046264599398,0.18729067535395127,0,,,,
scfxm1_1_sparse_9,scfxm1,0.75,sparse,9,4454387437597005887,330,600,247,18416.759028348944,0.004846207972150296,0.0010505829704925418,0.0013663339777849615,0.47193083295132965,0.47434774989960715,optimal,Optimization terminated successfully. (HiGHS Status 7: Optimal),0.6373414304993252,1134440,327968,34108,1.213121404564304,0.0,422.6889019225766,0.0,-17334.98956761059,1.9412616813266013,0,422.6889019225766,0,singular,0.0006611249991692603,0.4750088748987764,A singular matrix detected: slice(s) [0] are singular.,rank_deficient,0.004643041989766061,0.4789907918893732,,0.09850076877350274,0.018414534776883332,85.94793528224753,-1005.3648696979353,28296.603419196883,0.536459448464297,0,,,,
scfxm1_1_countsketch_9,scfxm1,0.75,countsketch,9,16927481790766248492,330,600,247,18416.759028348944,0.004846207972150296,0.00013195897918194532,5.2749994210898876e-05,0.005998875014483929,0.006183583987876773,unbounded,The problem is unbounded. (HiGHS Status 10: model_status is Unbounded; primal_status is Feasible),0.018137651821862347,33248,4952,34108,,,,,,,,,,,,,,,,,,,,,,,,,1,0.0,-1.0,1.0
stocfor1_0_gaussian_0,stocfor1,0.5,gaussian,0,17374417627477291514,117,165,58,-41131.976219436394,0.0016639999812468886,5.316699389368296e-05,6.387499161064625e-05,0.007615750015247613,0.007732792000751942,unbounded,The problem is unbounded. (HiGHS Status 10: model_status is Unbounded; primal_status is Feasible),1.0,76560,54288,6484,,,,,,,,,,,,,,,,,,,,,,,,,1,1.4743794293087253e-16,-1.0,0.0015741685922625096
stocfor1_0_sparse_0,stocfor1,0.5,sparse,0,10541889845368811740,117,165,58,-41131.976219436394,0.0016639999812468886,0.0001533330068923533,9.895896073430777e-05,0.005791042000055313,0.006043333967681974,unbounded,The problem is unbounded. (HiGHS Status 10: model_status is Unbounded; primal_status is Feasible),0.5974921630094044,68852,27380,6484,,,,,,,,,,,,,,,,,,,,,,,,,1,1.5268472803505352e-16,-1.0,0.0018104910062688656
stocfor1_0_countsketch_0,stocfor1,0.5,countsketch,0,1014725699319785688,117,165,58,-41131.976219436394,0.0016639999812468886,8.108397014439106e-05,3.883300814777613e-05,0.0012232079752720892,0.0013431249535642564,unbounded,The problem is unbounded. (HiGHS Status 10: model_status is Unbounded; primal_status is Feasible),0.0509926854754441,6092,1640,6484,,,,,,,,,,,,,,,,,,,,,,,,,1,0.0,-1.0,0.00396553159933855
stocfor1_0_countsketch_1,stocfor1,0.5,countsketch,1,895723937721229240,117,165,58,-41131.976219436394,0.0012380420230329037,6.241595838218927e-05,2.729095285758376e-05,0.0011088339961133897,0.0011985409073531628,unbounded,The problem is unbounded. (HiGHS Status 10: model_status is Unbounded; primal_status is Feasible),0.05088819226750261,6080,1640,6484,,,,,,,,,,,,,,,,,,,,,,,,,1,0.0,-0.9999999999999999,1.1048954603160221
stocfor1_0_gaussian_1,stocfor1,0.5,gaussian,1,10828442835037824604,117,165,58,-41131.976219436394,0.0012380420230329037,4.487502155825496e-05,4.491599975153804e-05,0.006599874992389232,0.006689666013699025,unbounded,The problem is unbounded. (HiGHS Status 10: model_status is Unbounded; primal_status is Feasible),1.0,76560,54288,6484,,,,,,,,,,,,,,,,,,,,,,,,,1,1.332484469984685e-16,-1.0,0.0025532625004143577
stocfor1_0_sparse_1,stocfor1,0.5,sparse,1,2476597331589023121,117,165,58,-41131.976219436394,0.0012380420230329037,0.00022104202071204782,0.00010141602251678705,0.005414457991719246,0.005736916034948081,unbounded,The problem is unbounded. (HiGHS Status 10: model_status is Unbounded; primal_status is Feasible),0.5998955067920585,69128,27692,6484,,,,,,,,,,,,,,,,,,,,,,,,,1,2.9585211121886714e-16,-1.0,0.0016135523930390296
stocfor1_0_sparse_2,stocfor1,0.5,sparse,2,3586734262945489798,117,165,58,-41131.976219436394,0.001655499974731356,0.00014775001909583807,9.566597873345017e-05,0.006114957970567048,0.006358373968396336,unbounded,The problem is unbounded. (HiGHS Status 10: model_status is Unbounded; primal_status is Feasible),0.5932079414838035,68360,27272,6484,,,,,,,,,,,,,,,,,,,,,,,,,1,1.8714553154566308e-16,-1.0,0.002092124914206074
stocfor1_0_countsketch_2,stocfor1,0.5,countsketch,2,2550125667044789126,117,165,58,-41131.976219436394,0.001655499974731356,8.108402835205197e-05,3.0750001315027475e-05,0.001096332969609648,0.0012081669992767274,unbounded,The problem is unbounded. (HiGHS Status 10: model_status is Unbounded; primal_status is Feasible),0.051201671891327065,6116,1640,6484,,,,,,,,,,,,,,,,,,,,,,,,,1,0.0,-1.0,0.004484807713869268
stocfor1_0_gaussian_2,stocfor1,0.5,gaussian,2,4775796643728299883,117,165,58,-41131.976219436394,0.001655499974731356,4.379200981929898e-05,3.816699609160423e-05,0.006899291998706758,0.006981251004617661,unbounded,The problem is unbounded. (HiGHS Status 10: model_status is Unbounded; primal_status is Feasible),1.0,76560,54288,6484,,,,,,,,,,,,,,,,,,,,,,,,,1,2.7484525072507537e-17,-1.0000000000000002,0.0015580970336522542
stocfor1_0_gaussian_3,stocfor1,0.5,gaussian,3,61108712708237825,117,165,58,-41131.976219436394,0.0013174579944461584,4.437501775100827e-05,3.874994581565261e-05,0.006806417019106448,0.006889541982673109,unbounded,The problem is unbounded. (HiGHS Status 10: model_status is Unbounded; primal_status is Feasible),1.0,76560,54288,6484,,,,,,,,,,,,,,,,,,,,,,,,,1,1.2923689896027213e-16,-1.0000000000000133,0.001351298082466117
stocfor1_0_sparse_3,stocfor1,0.5,sparse,3,14007881941079320236,117,165,58,-41131.976219436394,0.0013174579944461584,0.0001646250020712614,0.00010316696716472507,0.005412917002104223,0.005680708971340209,unbounded,The problem is unbounded. (HiGHS Status 10: model_status is Unbounded; primal_status is Feasible),0.6048066875653083,69692,27260,6484,,,,,,,,,,,,,,,,,,,,,,,,,1,5.202174991561583e-17,-1.0,0.002397878647927725
stocfor1_0_countsketch_3,stocfor1,0.5,countsketch,3,10015421573457855356,117,165,58,-41131.976219436394,0.0013174579944461584,0.00010108400601893663,3.400002606213093e-05,0.0012774999486282468,0.0014125839807093143,unbounded,The problem is unbounded. (HiGHS Status 10: model_status is Unbounded; primal_status is Feasible),0.05067920585161965,6056,1640,6484,,,,,,,,,,,,,,,,,,,,,,,,,1,0.0,-1.0,0.004484807713869268
stocfor1_0_countsketch_4,stocfor1,0.5,countsketch,4,14066349268478131001,117,165,58,-41131.976219436394,0.0013487919932231307,7.812498370185494e-05,3.195804310962558e-05,0.0010289999772794545,0.001139083004090935,unbounded,The problem is unbounded. (HiGHS Status 10: model_status is Unbounded; primal_status is Feasible),0.050156739811912224,5996,1640,6484,,,,,,,,,,,,,,,,,,,,,,,,,1,0.0,-0.9999999999999999,0.005045332310812651
stocfor1_0_gaussian_4,stocfor1,0.5,gaussian,4,13497674044041585591,117,165,58,-41131.976219436394,0.0013487919932231307,4.816701402887702e-05,4.454201553016901e-05,0.006233082967810333,0.006325791997369379,unbounded,The problem is unbounded. (HiGHS Status 10: model_status is Unbounded; primal_status is Feasible),1.0,76560,54288,6484,,,,,,,,,,,,,,,,,,,,,,,,,1,7.28583859910259e-17,-1.0,0.0014421089685382146
stocfor1_0_sparse_4,stocfor1,0.5,sparse,4,15379920641218214932,117,165,58,-41131.976219436394,0.0013487919932231307,0.00013837497681379318,9.74999857135117e-05,0.005123333015944809,0.005359207978472114,unbounded,The problem is unbounded. (HiGHS Status 10: model_status is Unbounded; primal_status is Feasible),0.6045977011494252,69668,27116,6484,,,,,,,,,,,,,,,,,,,,,,,,,1,3.2083434114395978e-16,-1.0,0.0032630485575596514
stocfor1_0_sparse_5,stocfor1,0.5,sparse,5,2625332321470878788,117,165,58,-41131.976219436394,0.0013166660210117698,0.00014070799807086587,0.00010570796439424157,0.005221583996899426,0.005467999959364533,unbounded,The problem is unbounded. (HiGHS Status 10: model_status is Unbounded; primal_status is Feasible),0.6063740856844305,69872,27452,6484,,,,,,,,,,,,,,,,,,,,,,,,,1,9.856848751078939e-16,-0.9999999999999999,0.0028374243254202904
stocfor1_0_countsketch_5,stocfor1,0.5,countsketch,5,15757330206986233168,117,165,58,-41131.976219436394,0.0013166660210117698,7.650000043213367e-05,2.779101487249136e-05,0.0011733749997802079,0.001277666015084833,unbounded,The problem is unbounded. (HiGHS Status 10: model_status is Unbounded; primal_status is Feasible),0.05005224660397074,5984,1640,6484,,,,,,,,,,,,,,,,,,,,,,,,,1,0.0,-1.0,0.005643786755161243
stocfor1_0_gaussian_5,stocfor1,0.5,gaussian,5,9677374365870275618,117,165,58,-41131.976219436394,0.0013166660210117698,4.595902282744646e-05,4.2000028770416975e-05,0.00697550002951175,0.007063459081109613,unbounded,The problem is unbounded. (HiGHS Status 10: model_status is Unbounded; primal_status is Feasible),1.0,76560,54288,6484,,,,,,,,,,,,,,,,,,,,,,,,,1,6.522560269672795e-16,-1.0000000000000402,0.001445391817287071
stocfor1_0_gaussian_6,stocfor1,0.5,gaussian,6,6945068665318526869,117,165,58,-41131.976219436394,0.0013592910254374146,4.729203647002578e-05,4.233297659084201e-05,0.006059959006961435,0.006149584020022303,unbounded,The problem is unbounded. (HiGHS Status 10: model_status is Unbounded; primal_status is Feasible),1.0,76560,54288,6484,,,,,,,,,,,,,,,,,,,,,,,,,1,2.802120514788786e-16,-1.0,0.0015219744531139742
stocfor1_0_sparse_6,stocfor1,0.5,sparse,6,12712422107703848235,117,165,58,-41131.976219436394,0.0013592910254374146,0.00015966698992997408,0.00010320899309590459,0.005798625003080815,0.006061500986106694,unbounded,The problem is unbounded. (HiGHS Status 10: model_status is Unbounded; primal_status is Feasible),0.6180773249738767,71216,27812,6484,,,,,,,,,,,,,,,,,,,,,,,,,1,7.766172048264171e-16,-1.0000000000000002,0.007587298575774915
stocfor1_0_countsketch_6,stocfor1,0.5,countsketch,6,17276916854701016014,117,165,58,-41131.976219436394,0.0013592910254374146,9.241601219400764e-05,3.3958000130951405e-05,0.0013510829885490239,0.001477457000873983,unbounded,The problem is unbounded. (HiGHS Status 10: model_status is Unbounded; primal_status is Feasible),0.05078369905956113,6068,1640,6484,,,,,,,,,,,,,,,,,,,,,,,,,1,0.0,-1.0,0.005643786755161243
stocfor1_0_countsketch_7,stocfor1,0.5,countsketch,7,12550596259545504645,117,165,58,-41131.976219436394,0.0012740000383928418,6.879097782075405e-05,2.9165996238589287e-05,0.0010265829623676836,0.001124539936427027,unbounded,The problem is unbounded. (HiGHS Status 10: model_status is Unbounded; primal_status is Feasible),0.05057471264367816,6044,1640,6484,,,,,,,,,,,,,,,,,,,,,,,,,1,0.0,-1.0,0.003373295642376689
stocfor1_0_gaussian_7,stocfor1,0.5,gaussian,7,7752387593306543182,117,165,58,-41131.976219436394,0.0012740000383928418,3.920897142961621e-05,3.625004319474101e-05,0.007105834025423974,0.007181293040048331,unbounded,The problem is unbounded. (HiGHS Status 10: model_status is Unbounded; primal_status is Feasible),1.0,76560,54288,6484,,,,,,,,,,,,,,,,,,,,,,,,,1,6.38378239159465e-16,-0.9999999999999999,0.0015253134120997939
stocfor1_0_sparse_7,stocfor1,0.5,sparse,7,5359662880896097658,117,165,58,-41131.976219436394,0.0012740000383928418,0.00016141601372510195,9.595800656825304e-05,0.005920458002947271,0.006177832023240626,unbounded,The problem is unbounded. (HiGHS Status 10: model_status is Unbounded; primal_status is Feasible),0.6086729362591432,70136,27308,6484,,,,,,,,,,,,,,,,,,,,,,,,,1,2.84336934032415e-16,-1.0,0.005667373070632242
stocfor1_0_sparse_8,stocfor1,0.5,sparse,8,698899097768318379,117,165,58,-41131.976219436394,0.0013937500189058483,0.000140791991725564,0.00010316603584215045,0.005491417017765343,0.005735375045333058,unbounded,The problem is unbounded. (HiGHS Status 10: model_status is Unbounded; primal_status is Feasible),0.603448275862069,69536,26780,6484,,,,,,,,,,,,,,,,,,,,,,,,,1,9.20805800003154e-16,-1.0,0.003046903888271932
stocfor1_0_countsketch_8,stocfor1,0.5,countsketch,8,11397744823613042688,117,165,58,-41131.976219436394,0.0013937500189058483,9.533402044326067e-05,2.9499991796910763e-05,0.0010603339760564268,0.0011851679882965982,unbounded,The problem is unbounded. (HiGHS Status 10: model_status is Unbounded; primal_status is Feasible),0.05005224660397074,5984,1640,6484,,,,,,,,,,,,,,,,,,,,,,,,,1,0.0,-1.0,0.003558402277377458
stocfor1_0_gaussian_8,stocfor1,0.5,gaussian,8,3923102111639162353,117,165,58,-41131.976219436394,0.0013937500189058483,4.3249980080872774e-05,3.666698466986418e-05,0.006993916991632432,0.007073833956383169,unbounded,The problem is unbounded. (HiGHS Status 10: model_status is Unbounded; primal_status is Feasible),1.0,76560,54288,6484,,,,,,,,,,,,,,,,,,,,,,,,,1,1.1666015375944028e-16,-1.0000000000000002,0.001036648545827062
stocfor1_0_gaussian_9,stocfor1,0.5,gaussian,9,446367497153074878,117,165,58,-41131.976219436394,0.0015142500051297247,9.841599967330694e-05,5.4374977480620146e-05,0.0079000000259839,0.008052791003137827,unbounded,The problem is unbounded. (HiGHS Status 10: model_status is Unbounded; primal_status is Feasible),1.0,76560,54288,6484,,,,,,,,,,,,,,,,,,,,,,,,,1,2.1364203808826865e-16,-1.0,0.001568566277877754
stocfor1_0_sparse_9,stocfor1,0.5,sparse,9,14467776548429045217,117,165,58,-41131.976219436394,0.0015142500051297247,0.00014295801520347595,0.0001009170082397759,0.005510332994163036,0.005754208017606288,unbounded,The problem is unbounded. (HiGHS Status 10: model_status is Unbounded; primal_status is Feasible),0.6008359456635318,69236,26744,6484,,,,,,,,,,,,,,,,,,,,,,,,,1,5.359584675453593e-17,-1.0,0.002634805808826311
stocfor1_0_countsketch_9,stocfor1,0.5,countsketch,9,10429514758904465088,117,165,58,-41131.976219436394,0.0015142500051297247,9.200000204145908e-05,3.487500362098217e-05,0.0013800830347463489,0.0015069580404087901,unbounded,The problem is unbounded. (HiGHS Status 10: model_status is Unbounded; primal_status is Feasible),0.05141065830721003,6140,1640,6484,,,,,,,,,,,,,,,,,,,,,,,,,1,0.0,-1.0,1.0
stocfor1_1_gaussian_0,stocfor1,0.75,gaussian,0,3650907118872790972,117,165,87,-41131.976219436394,0.0013464579824358225,5.52500132471323e-05,4.75000124424696e-05,0.013444915995933115,0.013547666021622717,unbounded,The problem is unbounded. (HiGHS Status 10: model_status is Unbounded; primal_status is Feasible),1.0,114840,81432,6484,,,,,,,,,,,,,,,,,,,,,,,,,1,8.712648658093514e-16,-0.9999999999999908,0.0012181528034606493
stocfor1_1_sparse_0,stocfor1,0.75,sparse,0,1277091689834826198,117,165,87,-41131.976219436394,0.0013464579824358225,0.00018920801812782884,0.00012462498852983117,0.010305458039510995,0.010619291046168655,unbounded,The problem is unbounded. (HiGHS Status 10: model_status is Unbounded; primal_status is Feasible),0.6071055381400209,104932,41008,6484,,,,,,,,,,,,,,,,,,,,,,,,,1,3.3905900209944177e-15,-1.0000000000000655,0.001131124396548346
stocfor1_1_countsketch_0,stocfor1,0.75,countsketch,0,69700289182665151,117,165,87,-41131.976219436394,0.0013464579824358225,0.00011837499914690852,4.191597690805793e-05,0.0012825420126318932,0.0014428329886868596,unbounded,The problem is unbounded. (HiGHS Status 10: model_status is Unbounded; primal_status is Feasible),0.034134447927551374,6232,1756,6484,,,,,,,,,,,,,,,,,,,,,,,,,1,0.0,-1.0,0.0034191891734794014
stocfor1_1_countsketch_1,stocfor1,0.75,countsketch,1,6673593573802019315,117,165,87,-41131.976219436394,0.0012195829767733812,6.200000643730164e-05,2.924998989328742e-05,0.0014410419971682131,0.0015322919934988022,unbounded,The problem is unbounded. (HiGHS Status 10: model_status is Unbounded; primal_status is Feasible),0.034413096482062,6280,1756,6484,,,,,,,,,,,,,,,,,,,,,,,,,1,4.869380655528159e-19,-1.0000000000000002,0.005584478909901657
stocfor1_1_gaussian_1,stocfor1,0.75,gaussian,1,5814296922515626780,117,165,87,-41131.976219436394,0.0012195829767733812,6.28340058028698e-05,5.641602911055088e-05,0.014620832982473075,0.014740083017386496,unbounded,The problem is unbounded. (HiGHS Status 10: model_status is Unbounded; primal_status is Feasible),1.0,114840,81432,6484,,,,,,,,,,,,,,,,,,,,,,,,,1,1.4590650736223676e-15,-1.0000000000000004,0.0006340065365010614
stocfor1_1_sparse_1,stocfor1,0.75,sparse,1,17094037318872312981,117,165,87,-41131.976219436394,0.0012195829767733812,0.00019637501100078225,0.00013224995927885175,0.011757125030271709,0.012085750000551343,unbounded,The problem is unbounded. (HiGHS Status 10: model_status is Unbounded; primal_status is Feasible),0.6083594566353187,105148,41572,6484,,,,,,,,,,,,,,,,,,,,,,,,,1,1.0929254179846578e-16,-0.9999999999999948,0.0009254750141419786
stocfor1_1_sparse_2,stocfor1,0.75,sparse,2,6742864531915718687,117,165,87,-41131.976219436394,0.0014680830063298345,0.00019108294509351254,0.00017458299407735467,0.010767041996587068,0.011132707935757935,unbounded,The problem is unbounded. (HiGHS Status 10: model_status is Unbounded; primal_status is Feasible),0.5921281783350749,102352,39160,6484,,,,,,,,,,,,,,,,,,,,,,,,,1,8.230989845220448e-17,-1.0,0.0012672155656398144
stocfor1_1_countsketch_2,stocfor1,0.75,countsketch,2,1290557668381475020,117,165,87,-41131.976219436394,0.0014680830063298345,9.525002678856254e-05,3.162503708153963e-05,0.001395333034452051,0.001522208098322153,unbounded,The problem is unbounded. (HiGHS Status 10: model_status is Unbounded; primal_status is Feasible),0.03385579937304075,6184,1756,6484,,,,,,,,,,,,,,,,,,,,,,,,,1,0.0,-0.9999999999999999,0.005045332310812651
stocfor1_1_gaussian_2,stocfor1,0.75,gaussian,2,13776294568429428276,117,165,87,-41131.976219436394,0.0014680830063298345,5.245901411399245e-05,4.229199839755893e-05,0.012152290961239487,0.012247041973751038,unbounded,The problem is unbounded. (HiGHS Status 10: model_status is Unbounded; primal_status is Feasible),1.0,114840,81432,6484,,,,,,,,,,,,,,,,,,,,,,,,,1,3.63804038977511e-16,-0.9999999999999987,0.000657164088493425
stocfor1_1_gaussian_3,stocfor1,0.75,gaussian,3,11529551547662911525,117,165,87,-41131.976219436394,0.0014582080184482038,5.616701673716307e-05,4.8250018153339624e-05,0.012085750000551343,0.012190167035441846,unbounded,The problem is unbounded. (HiGHS Status 10: model_status is Unbounded; primal_status is Feasible),1.0,114840,81432,6484,,,,,,,,,,,,,,,,,,,,,,,,,1,6.754579534584693e-17,-1.0,0.0007514862012269688
stocfor1_1_sparse_3,stocfor1,0.75,sparse,3,9886828624820922417,117,165,87,-41131.976219436394,0.0014582080184482038,0.00028570799622684717,0.00014254101552069187,0.011103499971795827,0.011531748983543366,unbounded,The problem is unbounded. (HiGHS Status 10: model_status is Unbounded; primal_status is Feasible),0.6038314176245211,104368,41080,6484,,,,,,,,,,,,,,,,,,,,,,,,,1,2.4569533024493218e-17,-0.9999999999999998,0.0006274996705189495
stocfor1_1_countsketch_3,stocfor1,0.75,countsketch,3,213305373944516120,117,165,87,-41131.976219436394,0.0014582080184482038,0.00010899995686486363,3.0374969355762005e-05,0.001345791039057076,0.0014851659652777016,unbounded,The problem is unbounded. (HiGHS Status 10: model_status is Unbounded; primal_status is Feasible),0.034482758620689655,6292,1756,6484,,,,,,,,,,,,,,,,,,,,,,,,,1,0.0,-1.0,0.005643786755161243
stocfor1_1_countsketch_4,stocfor1,0.75,countsketch,4,17798876291005854308,117,165,87,-41131.976219436394,0.0013195410137996078,9.283301187679172e-05,3.295805072411895e-05,0.001461624982766807,0.0015874160453677177,unbounded,The problem is unbounded. (HiGHS Status 10: model_status is Unbounded; primal_status is Feasible),0.034134447927551374,6232,1756,6484,,,,,,,,,,,,,,,,,,,,,,,,,1,5.90823295425804e-19,-1.0,0.004790814913429331
stocfor1_1_gaussian_4,stocfor1,0.75,gaussian,4,2009558540924587394,117,165,87,-41131.976219436394,0.0013195410137996078,6.52919989079237e-05,4.675000673159957e-05,0.013625791005324572,0.013737833010964096,unbounded,The problem is unbounded. (HiGHS Status 10: model_status is Unbounded; primal_status is Feasible),1.0,114840,81432,6484,,,,,,,,,,,,,,,,,,,,,,,,,1,5.235070189846258e-16,-1.0,0.0007112799886866011
stocfor1_1_sparse_4,stocfor1,0.75,sparse,4,5060248993515063409,117,165,87,-41131.976219436394,0.0013195410137996078,0.00020891695749014616,0.00014512502821162343,0.011182375019416213,0.011536417005117983,unbounded,The problem is unbounded. (HiGHS Status 10: model_status is Unbounded; primal_status is Feasible),0.597979797979798,103360,39772,6484,,,,,,,,,,,,,,,,,,,,,,,,,1,2.3994299907288132e-15,-1.0000000000000002,0.0009418117743829848
stocfor1_1_sparse_5,stocfor1,0.75,sparse,5,4375514718754480111,117,165,87,-41131.976219436394,0.0015165830263867974,0.00018541596364229918,0.000142207951284945,0.010433749994263053,0.010761373909190297,unbounded,The problem is unbounded. (HiGHS Status 10: model_status is Unbounded; primal_status is Feasible),0.604040404040404,104404,40768,6484,,,,,,,,,,,,,,,,,,,,,,,,,1,1.6560130761877458e-16,-1.0,0.0010387048169608725
stocfor1_1_countsketch_5,stocfor1,0.75,countsketch,5,5583234364251425763,117,165,87,-41131.976219436394,0.0015165830263867974,9.083299664780498e-05,2.8332986403256655e-05,0.0013934170128777623,0.001512582995928824,unbounded,The problem is unbounded. (HiGHS Status 10: model_status is Unbounded; primal_status is Feasible),0.034273772204806686,6256,1756,6484,,,,,,,,,,,,,,,,,,,,,,,,,1,3.9016364688945972e-19,-1.0,0.005019995014332412
stocfor1_1_gaussian_5,stocfor1,0.75,gaussian,5,5353973337110910525,117,165,87,-41131.976219436394,0.0015165830263867974,5.5333017371594906e-05,4.429201362654567e-05,0.012618792010471225,0.012718417041469365,unbounded,The problem is unbounded. (HiGHS Status 10: model_status is Unbounded; primal_status is Feasible),1.0,114840,81432,6484,,,,,,,,,,,,,,,,,,,,,,,,,1,5.388484797252957e-17,-1.0,0.0011844963314638181
stocfor1_1_gaussian_6,stocfor1,0.75,gaussian,6,2740905478818669771,117,165,87,-41131.976219436394,0.001401625049766153,6.350001785904169e-05,6.045796908438206e-05,0.01336475001880899,0.013488708005752414,unbounded,The problem is unbounded. (HiGHS Status 10: model_status is Unbounded; primal_status is Feasible),1.0,114840,81432,6484,,,,,,,,,,,,,,,,,,,,,,,,,1,6.928051882182373e-17,-0.9999999999999998,0.0006252170027007758
stocfor1_1_sparse_6,stocfor1,0.75,sparse,6,8783416870545716139,117,165,87,-41131.976219436394,0.001401625049766153,0.00020316598238423467,0.00013550004223361611,0.012622666952665895,0.012961332977283746,unbounded,The problem is unbounded. (HiGHS Status 10: model_status is Unbounded; primal_status is Feasible),0.6156739811912225,106408,41620,6484,,,,,,,,,,,,,,,,,,,,,,,,,1,2.2167737800612102e-16,-1.0,0.0008623951766083792
stocfor1_1_countsketch_6,stocfor1,0.75,countsketch,6,3334721764855588465,117,165,87,-41131.976219436394,0.001401625049766153,9.604101069271564e-05,3.2374984584748745e-05,0.0013086669496260583,0.0014370829449035227,unbounded,The problem is unbounded. (HiGHS Status 10: model_status is Unbounded; primal_status is Feasible),0.03469174503657262,6328,1756,6484,,,,,,,,,,,,,,,,,,,,,,,,,1,1.5800482957351837e-17,-1.0,0.004367395858193199
stocfor1_1_countsketch_7,stocfor1,0.75,countsketch,7,2625516195789983526,117,165,87,-41131.976219436394,0.0013630419853143394,8.408300345763564e-05,3.062502946704626e-05,0.0012911250232718885,0.0014058330561965704,unbounded,The problem is unbounded. (HiGHS Status 10: model_status is Unbounded; primal_status is Feasible),0.03434343434343434,6268,1756,6484,,,,,,,,,,,,,,,,,,,,,,,,,1,7.831012772297661e-19,-1.0000000000000002,0.004478107317115712
stocfor1_1_gaussian_7,stocfor1,0.75,gaussian,7,5626416604844551473,117,165,87,-41131.976219436394,0.0013630419853143394,5.3541967645287514e-05,4.029099363833666e-05,0.012776957999449223,0.012870790960732847,unbounded,The problem is unbounded. (HiGHS Status 10: model_status is Unbounded; primal_status is Feasible),1.0,114840,81432,6484,,,,,,,,,,,,,,,,,,,,,,,,,1,1.8295911660692887e-16,-1.000000000000023,0.000985122159713866
stocfor1_1_sparse_7,stocfor1,0.75,sparse,7,10351718566631599991,117,165,87,-41131.976219436394,0.0013630419853143394,0.00019887497182935476,0.00014154199743643403,0.011224624991882592,0.011565041961148381,unbounded,The problem is unbounded. (HiGHS Status 10: model_status is Unbounded; primal_status is Feasible),0.6015325670498084,103972,40420,6484,,,,,,,,,,,,,,,,,,,,,,,,,1,2.5755499231768768e-15,-0.9999999999999042,0.0008603261854647367
stocfor1_1_sparse_8,stocfor1,0.75,sparse,8,5624222748721831814,117,165,87,-41131.976219436394,0.0015020829741843045,0.00018516700947657228,0.0001360000460408628,0.011116166017018259,0.011437333072535694,unbounded,The problem is unbounded. (HiGHS Status 10: model_status is Unbounded; primal_status is Feasible),0.6126785092302334,105892,41044,6484,,,,,,,,,,,,,,,,,,,,,,,,,1,1.530270147286697e-17,-0.9999999999999998,0.0010139877165039857
stocfor1_1_countsketch_8,stocfor1,0.75,countsketch,8,844769558589090769,117,165,87,-41131.976219436394,0.0015020829741843045,0.0001027500256896019,3.120803739875555e-05,0.0014719589962624013,0.0016059170593507588,unbounded,The problem is unbounded. (HiGHS Status 10: model_status is Unbounded; primal_status is Feasible),0.03455242075931731,6304,1756,6484,,,,,,,,,,,,,,,,,,,,,,,,,1,0.0,-1.0,0.005643786755161243
stocfor1_1_gaussian_8,stocfor1,0.75,gaussian,8,5018405285351419,117,165,87,-41131.976219436394,0.0015020829741843045,5.82499778829515e-05,5.708402022719383e-05,0.01307208399521187,0.013187417993322015,unbounded,The problem is unbounded. (HiGHS Status 10: model_status is Unbounded; primal_status is Feasible),1.0,114840,81432,6484,,,,,,,,,,,,,,,,,,,,,,,,,1,3.832654679736258e-17,-1.0,0.0007094254065609419
stocfor1_1_gaussian_9,stocfor1,0.75,gaussian,9,16355161086802907224,117,165,87,-41131.976219436394,0.0014489589957520366,6.258301436901093e-05,5.666603101417422e-05,0.013415333000011742,0.013534582045394927,unbounded,The problem is unbounded. (HiGHS Status 10: model_status is Unbounded; primal_status is Feasible),1.0,114840,81432,6484,,,,,,,,,,,,,,,,,,,,,,,,,1,9.64939933512099e-17,-0.9999999999999999,0.0009046371018447115
stocfor1_1_sparse_9,stocfor1,0.75,sparse,9,16999316924140352005,117,165,87,-41131.976219436394,0.0014489589957520366,0.00022975000320002437,0.00014100002590566874,0.01222674996824935,0.012597499997355044,unbounded,The problem is unbounded. (HiGHS Status 10: model_status is Unbounded; primal_status is Feasible),0.6017415534656914,104008,40612,6484,,,,,,,,,,,,,,,,,,,,,,,,,1,4.96916011921713e-16,-0.9999999999999999,0.0007018114050196932
stocfor1_1_countsketch_9,stocfor1,0.75,countsketch,9,18028509349288730356,117,165,87,-41131.976219436394,0.0014489589957520366,0.00010595796629786491,3.833399387076497e-05,0.0015541670145466924,0.0016984589747153223,unbounded,The problem is unbounded. (HiGHS Status 10: model_status is Unbounded; primal_status is Feasible),0.03434343434343434,6268,1756,6484,,,,,,,,,,,,,,,,,,,,,,,,,1,3.7947076036992655e-19,-1.0,0.003919563324941746
