scenario,family,projector,m,n,density,actual_density,k,repetition,instance_seed,projector_seed,original_status_code,original_status,projected_status_code,projected_status,original_solve_s,sample_s,multiply_s,projected_solve_s,projected_total_s,projected_density,original_iterations,projected_iterations,projected_message,original_objective,original_feas,original_neg,original_eq_residual_inf,original_min_x,original_obj_gap,original_accepted_feasible,raw_feas,raw_neg,raw_eq_residual_inf,raw_min_x,raw_objective,raw_obj_gap,raw_accepted_feasible,projected_eq_residual_inf,dual_recovery_s,dual_total_s,dual_recovery_status,dual_rank,dual_warning,dual_feas,dual_neg,dual_eq_residual_inf,dual_min_x,dual_objective,dual_obj_gap,dual_accepted_feasible,primal_recovery_s,primal_total_s,primal_recovery_status,primal_rank,primal_warning,primal_feas,primal_neg,primal_eq_residual_inf,primal_min_x,primal_objective,primal_obj_gap,primal_accepted_feasible,farkas_y_dot_b,farkas_min_yA
feasible,feasible,gaussian,100,150,0.1,0.09986666666666667,50,0,8246798124252821565,1278597576070550298,0,optimal,0,optimal,0.0036694999944302253,2.487500023562461e-05,1.920799695653841e-05,0.002868208001018502,0.002912290998210665,1.0,158,86,Optimization terminated successfully. (HiGHS Status 7: Optimal),66.92258467873506,1.716499294356136e-15,0.0,3.9968028886505635e-14,0.0,0.0,1,0.3029512998181639,0.0,3.992460319603787,0.0,53.45298473619161,0.20127136462533368,0,1.305622276959184e-13,0.0005124589952174574,0.0034247499934281223,computed,,,1.6273848710602949e-15,0.4236554323451615,3.064215547965432e-14,-12.455052353482113,68.08015128563977,0.01729709951373905,0,0.0007360000017797574,0.0036482909999904223,computed,100,,1.9120725589047272e-15,0.41756327916288805,2.353672812205332e-14,-18.270581806115505,69.17843340438752,0.0337083323437336,0,,
feasible,feasible,gaussian,100,150,0.1,0.09606666666666666,50,1,17418903988086993724,2372492228987610039,0,optimal,0,optimal,0.0032605829983367585,2.2915999579709023e-05,1.2290998711250722e-05,0.003014500005519949,0.0030497070038109086,1.0,151,100,Optimization terminated successfully. (HiGHS Status 7: Optimal),74.68042954091007,3.055232200543416e-14,0.0,8.970602038971265e-13,0.0,0.0,1,0.3639317692239481,0.0,4.4374350838550995,0.0,56.40778220130303,0.24467785538910503,0,8.342215807033426e-13,0.00015670800348743796,0.0032064150072983466,computed,,,8.336952891945445e-16,0.3875421405229977,1.687538997430238e-14,-9.726791707481548,65.08995527230978,0.12842018086340293,0,0.0007206669979495928,0.0037703740017605014,computed,100,,2.5452195110400264e-15,0.4181264076443054,3.9968028886505635e-14,-17.012596004363097,113.78514542325692,0.5236273562262416,0,,
feasible,feasible,gaussian,100,150,0.1,0.09753333333333333,50,2,15617420525623611855,4120588516489778512,0,optimal,0,optimal,0.0029932499965070747,3.6833997000940144e-05,1.1750002158805728e-05,0.002980665994982701,0.0030292499941424467,1.0,152,96,Optimization terminated successfully. (HiGHS Status 7: Optimal),65.45980032953963,1.4352191120809444e-14,0.0,3.2862601528904634e-13,0.0,0.0,1,0.29522084238664054,0.0,3.762736042636119,0.0,54.336344039053444,0.1699280510250285,0,1.6697754290362354e-13,0.00015745899872854352,0.00318670899287099,computed,,,3.256567626182158e-13,0.5015540428948942,6.320277634586091e-12,-1965.8237485402635,-291.65687441931004,5.455511213768489,0,0.000699708005413413,0.0037289579995558597,computed,100,,3.8668892964943275e-15,0.4474935950893861,4.884981308350689e-14,-41.380492407786186,84.32526766406387,0.28819928016204077,0,,
feasible,feasible,gaussian,100,150,0.1,0.09933333333333333,50,3,17198949739236568124,17743810243424423322,0,optimal,0,optimal,0.0029743330014753155,2.1583997295238078e-05,1.108299329644069e-05,0.002900457999203354,0.002933124989795033,1.0,145,97,Optimization terminated successfully. (HiGHS Status 7: Optimal),63.00639854246998,5.007445094235457e-14,0.0,1.5303314171433158e-12,0.0,4.510924301005101e-16,1,0.2511762787765689,0.0,3.0732858746310283,0.0,54.06050916322358,0.14198382364636075,0,1.9388934902053734e-12,0.00013641699479194358,0.0030695419845869765,computed,,,7.519536206536502e-16,0.37406322753184684,1.3766765505351941e-14,-7.950919703816635,60.559609273851294,0.03883398075783337,0,0.0006662500018137507,0.0035993749916087836,computed,100,,1.1463412743837718e-15,0.3163875406894761,1.687538997430238e-14,-6.214115140889486,66.13123602568284,0.04959555784015436,0,,
feasible,feasible,gaussian,100,150,0.1,0.10053333333333334,50,4,1719528074860050102,5451425508576355436,0,optimal,0,optimal,0.0028292499991948716,2.3125001462176442e-05,1.412499841535464e-05,0.002722707999055274,0.002759957998932805,1.0,136,76,Optimization terminated successfully. (HiGHS Status 7: Optimal),62.020686292970524,1.7153582514808084e-14,0.0,3.7125857943465235e-13,0.0,0.0,1,0.2928113949297955,0.0,3.4328688485806365,0.0,47.280261460289054,0.23766948922576114,0,5.639932965095795e-14,0.00016179100202862173,0.0029217490009614266,computed,,,9.658926580225873e-16,0.4178531326099427,1.9539925233402755e-14,-15.407452312048015,65.06611832606325,0.04910348812824883,0,0.0007194999998318963,0.003479457998764701,computed,100,,1.109098827543306e-15,0.3507061093166325,1.1546319456101628e-14,-10.39654461858127,79.87478444989013,0.2878732762256325,0,,
feasible,feasible,gaussian,100,150,0.1,0.09793333333333333,50,5,14073062270639588103,15636528350675169728,0,optimal,0,optimal,0.0027749580040108413,2.0540996047202498e-05,1.1041993275284767e-05,0.0028031250039930455,0.002834707993315533,1.0,141,88,Optimization terminated successfully. (HiGHS Status 7: Optimal),63.45862316890812,1.3189184772237707e-14,0.0,2.7622348852673895e-13,0.0,1.1196945352388833e-16,1,0.2856632314581962,0.0,3.1515506215416558,0.0,51.43659764016586,0.1894466808197711,0,7.860379014346108e-14,0.0001393329948768951,0.002974040988192428,computed,,,1.09450624773987e-15,0.44358124555090866,1.3322676295501878e-14,-17.284347100584004,49.35630426280491,0.22222856724399775,0,0.0007092910018400289,0.0035439989951555617,computed,100,,1.9282021659539045e-15,0.42719619056133035,2.7533531010703882e-14,-10.267452179552789,45.21077653445007,0.28755503544234917,0,,
feasible,feasible,gaussian,100,150,0.1,0.10206666666666667,50,6,3821747666982382871,12025698307702355595,0,optimal,0,optimal,0.003325833000417333,2.37500062212348e-05,1.1042000551242381e-05,0.0027268339981674217,0.002761626004939899,1.0,156,86,Optimization terminated successfully. (HiGHS Status 7: Optimal),71.28727755112853,2.2014490700956554e-15,0.0,6.483702463810914e-14,0.0,1.9934629576798925e-16,1,0.3253291327735636,0.0,4.8349803930310244,0.0,54.46015012794598,0.2360467112959085,0,1.758593271006248e-13,0.00015162499767029658,0.0029132510026101954,computed,,,4.471051108946115e-15,0.47684587341510304,7.549516567451064e-14,-50.68937335932733,63.8207502965825,0.10473856641798225,0,0.0006995410003582947,0.0034611670052981935,computed,100,,1.7752225670894204e-15,0.41472369295682504,2.6645352591003757e-14,-11.466778464421392,82.36675435621095,0.1554201140187467,0,,
feasible,feasible,gaussian,100,150,0.1,0.10013333333333334,50,7,17575045512994910441,5926646628874983737,0,optimal,0,optimal,0.0029610829951707274,2.1749998268205673e-05,1.3082993973512203e-05,0.0028617089992621914,0.0028965419915039092,1.0,135,85,Optimization terminated successfully. (HiGHS Status 7: Optimal),67.37114421946578,6.419261711540145e-15,0.0,1.4921397450962104e-13,0.0,2.1093384830914018e-16,1,0.31193494556265633,0.0,3.443905586539328,0.0,52.855447182423966,0.21545866862162855,0,3.907985046680551e-13,0.0001413329955539666,0.003037874987057876,computed,,,1.0042746678006659e-14,0.5020608609879882,1.3278267374516872e-13,-134.96978708103006,-14.168288775950685,1.2103020356875132,0,0.0006785000005038455,0.0035750419920077547,computed,100,,1.565521902347601e-15,0.45132401240494213,1.9095836023552692e-14,-12.754894907141992,40.13954351344485,0.40420273429396225,0,,
feasible,feasible,gaussian,100,150,0.1,0.0966,50,8,13168167587184509469,5498523024141334857,0,optimal,0,optimal,0.0028485410002758726,2.2958003683015704e-05,1.2958000297658145e-05,0.0026052499961224385,0.0026411660001031123,1.0,150,83,Optimization terminated successfully. (HiGHS Status 7: Optimal),65.18195478787561,2.8949989986612834e-15,0.0,7.37188088351104e-14,0.0,4.3603646934029463e-16,1,0.28769211173664727,0.0,3.6801284225185156,0.0,49.2963734664438,0.24371133656744345,0,8.704148513061227e-14,0.00013379200390772894,0.0027749580040108413,computed,,,5.168231890113933e-15,0.4639388641041691,7.016609515630989e-14,-46.27166737417406,101.9725011709779,0.564428398976853,0,0.0007306670013349503,0.0033718330014380626,computed,100,,3.357664259603634e-15,0.4566800369582588,3.8191672047105385e-14,-23.864760946029218,60.31502957712489,0.07466675748816354,0,,
feasible,feasible,gaussian,100,150,0.1,0.1012,50,9,14601317496931672455,14681378255760411565,0,optimal,0,optimal,0.0028359999996609986,2.0541003323160112e-05,1.0083000233862549e-05,0.0027323329995851964,0.002762957003142219,1.0,152,91,Optimization terminated successfully. (HiGHS Status 7: Optimal),70.57621487252975,6.564407034171683e-15,0.0,2.1671553440683056e-13,0.0,0.0,1,0.26180537697905165,0.0,3.5326808919903954,0.0,55.74704362656397,0.2101157064423089,0,1.63202784619898e-13,0.0001376250002067536,0.0029005820033489726,computed,,,1.451679955835638e-15,0.4491866293163023,2.398081733190338e-14,-21.59907577492774,56.17936624826861,0.20399009284167205,0,0.0006935420024092309,0.00345649900555145,computed,100,,2.9665005125737036e-15,0.4710032250445383,4.618527782440651e-14,-40.17003097792798,52.66854081641889,0.25373525752910603,0,,
feasible,feasible,gaussian,100,150,0.5,0.5060666666666667,50,0,1954884028423541162,708332834264315276,0,optimal,0,optimal,0.006739542004652321,2.2209002054296434e-05,1.416700251866132e-05,0.002818874992954079,0.002855250997527037,1.0,168,95,Optimization terminated successfully. (HiGHS Status 7: Optimal),69.06692199070028,1.6167331557870073e-13,0.0,1.1588952020247234e-11,0.0,0.0,1,0.13668515926320887,0.0,8.397436755414248,0.0,61.19687926701626,0.11394807379346814,0,1.531219595563016e-12,0.00014525000005960464,0.0030005009975866415,computed,,,3.236174407312351e-15,0.4788075017686364,2.5579538487363607e-13,-47.851365127474416,67.90117845529184,0.016878463695912255,0,0.0006882499947096221,0.003543500992236659,computed,100,,7.476278591908092e-16,0.3548946448509577,3.907985046680551e-14,-9.838867168878778,75.50785968592125,0.09325647516315011,0,,
feasible,feasible,gaussian,100,150,0.5,0.5006,50,1,13152771481928326062,7048002434978918168,0,optimal,0,optimal,0.006256208005652297,2.3749998945277184e-05,1.1707998055499047e-05,0.0028907919986522757,0.002926249995653052,1.0,155,91,Optimization terminated successfully. (HiGHS Status 7: Optimal),69.26325683759018,7.733562431038497e-15,0.0,6.181721801112872e-13,0.0,4.1034324298448443e-16,1,0.1371960238442828,0.0,7.953860267593628,0.0,61.54706044113028,0.11140389217551466,0,6.750155989720952e-13,0.0001442909997422248,0.0030705409953952767,computed,,,1.7778190723520763e-15,0.46895421636945955,1.5987211554602254e-13,-35.50188696325488,74.45179926298698,0.07491045992196164,0,0.0007098339992808178,0.0036360839949338697,computed,100,,5.579799425746083e-16,0.3348647016064692,2.842170943040401e-14,-6.929797729284557,74.04207382028147,0.06899497945782118,0,,
feasible,feasible,gaussian,100,150,0.5,0.503,50,2,17504403449178103325,7605522280818974501,0,optimal,0,optimal,0.006027000003086869,2.3624997993465513e-05,1.5083001926541328e-05,0.0027347079958417453,0.002773415995761752,1.0,133,79,Optimization terminated successfully. (HiGHS Status 7: Optimal),68.92933676148641,1.3520626410757996e-14,0.0,1.2896350654045818e-12,0.0,4.123311026297927e-16,1,0.14708285576565924,0.0,7.650022528638136,0.0,60.7447255257153,0.11873915549328488,0,4.369837824924616e-13,0.00014612499944632873,0.002919540995208081,computed,,,9.654812329845166e-16,0.4418737346891287,8.526512829121202e-14,-15.466066343021751,72.4144234642329,0.05056028197116955,0,0.0007176250001066364,0.0034910409958683886,computed,100,,1.824010869163095e-15,0.4585762736270633,8.526512829121202e-14,-30.32935577271873,82.65318745656597,0.19910028646536457,0,,
feasible,feasible,gaussian,100,150,0.5,0.5009333333333333,50,3,2507944147365547183,17865602073309764839,0,optimal,0,optimal,0.006252417006180622,2.3333996068686247e-05,1.4792000001762062e-05,0.0028494590005720966,0.002887584996642545,1.0,141,84,Optimization terminated successfully. (HiGHS Status 7: Optimal),68.53459091600911,7.098915486087892e-15,0.0,3.694822225952521e-13,0.0,8.294120983441942e-16,1,0.12054431039813722,0.0,7.2845043567785055,0.0,61.35431668557289,0.1047686158838502,0,4.689582056016661e-13,0.00014858299982734025,0.003036167996469885,computed,,,6.427329227768435e-16,0.398969613631948,4.263256414560601e-14,-8.648619645222674,63.810074002473456,0.0689362386262087,0,0.0006838330009486526,0.0035714179975911975,computed,100,,4.744921080556777e-13,0.498442338409089,3.2096991731123126e-11,-10276.86740206967,1123.8730817650649,15.398625376525569,0,,
feasible,feasible,gaussian,100,150,0.5,0.49946666666666667,50,4,5912367982224612866,3827348739672763373,0,optimal,0,optimal,0.006339917003060691,2.937500539701432e-05,1.4500001270789653e-05,0.0024911250002332963,0.0025350000069011003,1.0,149,74,Optimization terminated successfully. (HiGHS Status 7: Optimal),68.29077057542332,3.235304594203706e-14,0.0,2.2382096176443156e-12,0.0,4.1618668512480486e-16,1,0.14941761667409742,0.0,6.797473248311704,0.0,59.82269545128742,0.12400028660949743,0,1.474376176702208e-13,0.00012912499369122088,0.002664125000592321,computed,,,9.434714671060206e-16,0.44489494584993317,6.039613253960852e-14,-17.71009982597623,63.24653945574697,0.07386402404268246,0,0.0006891250013723038,0.003224125008273404,computed,100,,5.76457151582413e-16,0.23731346798180702,2.842170943040401e-14,-3.1195883800386146,70.06728312972214,0.026013947995164752,0,,
feasible,feasible,gaussian,100,150,0.5,0.5028,50,5,15996382220392594155,16977458435297045323,0,optimal,0,optimal,0.006355915997119155,2.1583000489044935e-05,1.170899486169219e-05,0.0027722910017473623,0.0028055829970980994,1.0,154,95,Optimization terminated successfully. (HiGHS Status 7: Optimal),81.18807999250757,3.884836315326094e-14,0.0,3.083755473198835e-12,0.0,1.7503622103778593e-16,1,0.12833398622188055,0.0,9.102298141957217,0.0,73.6167943534597,0.09325612380224535,0,5.158540261618327e-12,0.00013449999823933467,0.002940082995337434,computed,,,9.278408054687648e-16,0.4501905554606008,7.815970093361102e-14,-24.524987331501766,82.7705848030642,0.019491836864508373,0,0.0006920000014360994,0.003497582998534199,computed,100,,9.51865254896081e-16,0.4401180317178663,6.039613253960852e-14,-16.588328398633287,78.69077041463906,0.030759559507984226,0,,
feasible,feasible,gaussian,100,150,0.5,0.4986,50,6,7510382414188501568,5719677559847604760,0,optimal,0,optimal,0.00670620799792232,2.8416994609870017e-05,1.6250000044237822e-05,0.002708790998440236,0.0027534579930943437,1.0,169,81,Optimization terminated successfully. (HiGHS Status 7: Optimal),80.68654100413644,1.3776186241835027e-13,0.0,1.248423586730496e-11,0.0,1.7612422763882613e-16,1,0.12955692817723116,0.0,7.353506558473688,0.0,72.95543137387256,0.09581659511054681,0,3.483435762063891e-12,0.00015791600162629038,0.002911373994720634,computed,,,7.408704810289186e-16,0.41514523260698594,7.105427357601002e-14,-15.831651164112087,77.44199587798997,0.040211726587463074,0,0.000723584002116695,0.0034770419952110387,computed,100,,5.156058077430988e-16,0.3679416640754811,3.907985046680551e-14,-9.067988699291467,76.7055779233377,0.04933862613585883,0,,
feasible,feasible,gaussian,100,150,0.5,0.4971333333333333,50,7,4001392247189252040,6916545516712113444,0,optimal,0,optimal,0.0064709590005804785,2.3291002435144037e-05,2.0207997295074165e-05,0.002958958000817802,0.00300245700054802,1.0,163,93,Optimization terminated successfully. (HiGHS Status 7: Optimal),65.80630954745725,1.9512992991825554e-11,0.0,1.6129320101754274e-09,0.0,2.159497290294576e-16,1,0.15271901764908366,0.0,7.736494797537896,0.0,58.610475141704725,0.10934870007507631,0,6.679101716144942e-13,0.0001365000061923638,0.003138957006740384,computed,,,6.667261235784844e-16,0.4218548347856287,4.618527782440651e-14,-8.565942695663868,58.77094683593989,0.10691015435903922,0,0.0006570830009877682,0.003659540001535788,computed,100,,1.2992799207603912e-14,0.5003232804409332,1.0160761121369433e-12,-279.4844135336543,-6.084849218725708,1.0924660455900133,0,,
feasible,feasible,gaussian,100,150,0.5,0.5034666666666666,50,8,16185578745047814368,5980127899723161850,0,optimal,0,optimal,0.006296708001173101,2.1583997295238078e-05,1.2708005669992417e-05,0.0030211249977583066,0.003055417000723537,1.0,159,97,Optimization terminated successfully. (HiGHS Status 7: Optimal),73.59663394316169,3.6903164796878216e-14,0.0,3.787192781601334e-12,0.0,1.930910960707384e-16,1,0.1255799790776144,0.0,12.497305444042407,0.0,67.8017048003571,0.07873905139846475,0,3.595346242946107e-12,0.00013829199451720342,0.0031937089952407405,computed,,,3.897902447226144e-15,0.4832841060487389,2.2737367544323206e-13,-58.42164614716022,82.44569775534941,0.1202373442652526,0,0.0006856249965494499,0.003741041997272987,computed,100,,5.42986875788014e-16,0.25579056777003806,3.552713678800501e-14,-3.564905993669422,75.59098952566492,0.027098461922096168,0,,
feasible,feasible,gaussian,100,150,0.5,0.503,50,9,10771203800214634114,5540398134914321671,0,optimal,0,optimal,0.006473749999713618,2.2833002731204033e-05,1.3625001884065568e-05,0.002903749998949934,0.0029402080035652034,1.0,152,100,Optimization terminated successfully. (HiGHS Status 7: Optimal),74.02727049964767,8.737284037649086e-15,0.0,5.400124791776761e-13,0.0,3.83935666391202e-16,1,0.1343172204976179,0.0,9.9282274799727,0.0,65.71193744418089,0.11232797048091057,0,1.3500311979441904e-13,0.00015225000242935494,0.0030924580059945583,computed,,,1.3534972879795555e-15,0.45109279712402894,1.2079226507921703e-13,-34.022561631046706,80.90037568767602,0.09284558435882123,0,0.0006926670030225068,0.0036328750065877102,computed,100,,1.074435053318895e-15,0.4340491099219863,7.815970093361102e-14,-16.506107515555566,87.93048503761233,0.18781206498800732,0,,
feasible,feasible,gaussian,250,375,0.1,0.09973333333333333,125,0,2557843610271449093,17898321116182844645,0,optimal,0,optimal,0.04029883399925893,0.00010641600238159299,7.391600229311734e-05,0.024738332998822443,0.024918665003497154,1.0,411,254,Optimization terminated successfully. (HiGHS Status 7: Optimal),171.04983416239764,8.35549164872121e-15,0.0,6.092903959142859e-13,0.0,6.646416132369922e-16,1,0.2124638719663679,0.0,7.871418717007208,0.0,144.15816060782788,0.15721543190178391,0,1.6857626405908377e-12,0.0005781670042779297,0.025496832007775083,computed,,,4.302065226187648e-15,0.4495786546472077,1.9895196601282805e-13,-28.573219800467378,156.0209078653043,0.08786285219560469,0,0.0032423340016976,0.028160999005194753,computed,250,,1.0770511139768754e-15,0.3825917368850614,3.375077994860476e-14,-8.256931427891836,180.64337192905433,0.05608621495387298,0,,
feasible,feasible,gaussian,250,375,0.1,0.09806933333333333,125,1,11610339519529948791,2987655578567123413,0,optimal,0,optimal,0.041081999996094964,0.00010641699918778613,6.954200216569006e-05,0.026209750001726206,0.026385709003079683,1.0,438,265,Optimization terminated successfully. (HiGHS Status 7: Optimal),180.16354653802412,2.4136341019011473e-14,0.0,1.5845103007450234e-12,0.0,3.1551010153328104e-16,1,0.22271555698140022,0.0,6.8174881799806215,0.0,149.67243114789915,0.16924131421718971,0,6.7554850602391525e-12,0.0005997920015943237,0.026985501004674006,computed,,,1.383532338584602e-13,0.4875957352360664,5.831779503751022e-12,-789.5988914344292,1432.9738889295616,6.953739346639289,0,0.0032968750019790605,0.029682584005058743,computed,250,,1.09626068641127e-15,0.23383889162740487,3.730349362740526e-14,-5.929563660470694,187.39619692960935,0.04014491571999938,0,,
feasible,feasible,gaussian,250,375,0.1,0.099744,125,2,9965663471774572249,15313812689740099983,0,optimal,0,optimal,0.04428399999596877,0.00010879200272029266,7.420800102408975e-05,0.02529429199785227,0.025477292001596652,1.0,449,259,Optimization terminated successfully. (HiGHS Status 7: Optimal),178.7516164966932,1.016766928945715e-13,0.0,6.751932346560352e-12,0.0,3.180022646780348e-16,1,0.21345261571153806,0.0,7.326595648142955,0.0,149.47753729801326,0.16376959141637493,0,7.741363106106292e-12,0.0005555419993470423,0.026032834000943694,computed,,,2.3949901676700684e-15,0.39084887941488117,1.2434497875801753e-13,-12.602786872106805,158.27490145277145,0.11455401324608784,0,0.0032640409990563057,0.028741333000652958,computed,250,,1.3651772386490516e-15,0.3976539553249521,4.263256414560601e-14,-10.558925314739668,188.94067151364283,0.05700119090748505,0,,
feasible,feasible,gaussian,250,375,0.1,0.09726933333333333,125,3,10449050875688046126,6922556167443420260,0,optimal,0,optimal,0.03831012499722419,0.00011200000153621659,7.370800449280068e-05,0.025256250002712477,0.025441958008741494,1.0,454,271,Optimization terminated successfully. (HiGHS Status 7: Optimal),164.93658958383674,7.397729633833831e-11,0.0,3.759454969554099e-09,0.0,5.169570227343156e-16,1,0.19722231394106315,0.0,6.0519190678449775,0.0,138.18984362502272,0.16216381111250516,0,6.914431249782638e-10,0.0005695840009138919,0.026011542009655386,computed,,,1.3368201357837358e-14,0.47753131868335863,6.865619184281968e-13,-44.34619396537952,179.8153872181728,0.09020919901325543,0,0.0032049159999587573,0.02864687400870025,computed,250,,1.4089587592299441e-14,0.48921022339732556,4.1744385725905886e-13,-142.89639109109834,225.42064375394412,0.3667109543292904,0,,
feasible,feasible,gaussian,250,375,0.1,0.100608,125,4,492957352759648595,17750325942926283889,0,optimal,0,optimal,0.04276124999887543,0.00010833400301635265,7.233399810502306e-05,0.023956207995070145,0.02413687599619152,1.0,448,244,Optimization terminated successfully. (HiGHS Status 7: Optimal),173.05812655628262,8.446157859808011e-14,0.0,4.9542592250872985e-12,0.0,0.0,1,0.20429655443316083,0.0,6.684557024793216,0.0,141.89509085158747,0.18007265145425105,0,1.936362181709228e-11,0.0005231249961070716,0.024660000992298592,computed,,,9.301828520777896e-14,0.499146984409646,3.742783860616328e-12,-478.44423600135394,56.34683730076404,0.6744051353032606,0,0.003198833997885231,0.02733570999407675,computed,250,,4.548420475590594e-15,0.4692978857246648,1.936228954946273e-13,-47.082666799736664,226.53741301977823,0.30902499366941244,0,,
feasible,feasible,gaussian,250,375,0.1,0.101248,125,5,6863431919407869405,11021005634958025661,0,optimal,0,optimal,0.0400367499969434,0.0001094170002033934,7.28330051060766e-05,0.02553191699553281,0.02571416700084228,1.0,411,267,Optimization terminated successfully. (HiGHS Status 7: Optimal),172.3766911637388,1.0649843015285078e-14,0.0,6.803446694902959e-13,0.0,4.946441871901325e-16,1,0.20504000105246592,0.0,7.496873683305884,0.0,144.26009314573048,0.16311136864380688,0,9.14752718017553e-11,0.0005544579980778508,0.02626862499892013,computed,,,7.30477998180417e-15,0.46232036682549543,3.197442310920451e-13,-30.587083703093885,161.53433344576706,0.062899210123906,0,0.0032780830006231554,0.028992250001465436,computed,250,,1.2959520395166235e-14,0.48431917198690777,5.080380560684716e-13,-185.5923691783112,324.3599880638264,0.881692854608286,0,,
feasible,feasible,gaussian,250,375,0.1,0.10045866666666667,125,6,3137273820856585457,15700775700101176268,0,optimal,0,optimal,0.04150849999859929,0.00012237500050105155,7.804099732311442e-05,0.024613624998892192,0.024814040996716358,1.0,433,251,Optimization terminated successfully. (HiGHS Status 7: Optimal),170.2747003646578,4.2683739691626424e-14,0.0,2.5206503551089554e-12,0.0,5.007504233371694e-16,1,0.1887593754735037,0.0,7.5689763850104566,0.0,145.76271853993387,0.14395551289903524,0,3.673790160974022e-10,0.0005764579982496798,0.025390498994966038,computed,,,3.860087422265626e-15,0.4281219393856286,1.7408297026122455e-13,-15.351010662809513,161.34456237541542,0.05244547763183637,0,0.0032581250052317046,0.028072166001948062,computed,250,,7.3718934119264e-15,0.4818674493420956,2.7355895326763857e-13,-85.73739284293767,173.9136363199311,0.02137097259593053,0,,
feasible,feasible,gaussian,250,375,0.1,0.100576,125,7,5243691366181788832,237254364161318328,0,optimal,0,optimal,0.04070766600489151,0.00012037499982398003,7.233300129882991e-05,0.02617445799842244,0.02636716599954525,1.0,444,280,Optimization terminated successfully. (HiGHS Status 7: Optimal),173.47086384340628,1.966908591604584e-13,0.0,9.528378086542943e-12,0.0,3.276828027565546e-16,1,0.2224531674713616,0.0,6.747879038743077,0.0,144.95718009015474,0.16437160178663235,0,4.873114800574285e-09,0.0006617079998250119,0.027028873999370262,computed,,,4.9244987872354556e-15,0.44754328748057,2.1316282072803006e-13,-21.763167284210613,170.75846031049025,0.015636075550788074,0,0.0032232500016107224,0.029590416001155972,computed,250,,3.0035814627070073e-15,0.43939962957518847,1.1546319456101628e-13,-24.76581333721021,260.1100319399335,0.49944507208275196,0,,
feasible,feasible,gaussian,250,375,0.1,0.099424,125,8,1072904313411931254,1189336389117464737,0,optimal,0,optimal,0.0399226249937783,0.00011820799409179017,7.379100134130567e-05,0.024540041995351203,0.0247320409907843,1.0,426,249,Optimization terminated successfully. (HiGHS Status 7: Optimal),170.89636723853056,8.726594405138999e-14,0.0,4.013678278624866e-12,0.0,8.315480864123374e-16,1,0.20915398636892774,0.0,6.939207842317497,0.0,142.88666065875904,0.16389878282594814,0,4.1820324980790247e-11,0.0005228330046520568,0.025254873995436355,computed,,,3.7994992802881784e-15,0.42995143797380253,1.3855583347321954e-13,-14.315027763639987,163.7401969202364,0.04187432672752906,0,0.003253499999118503,0.027985540989902802,computed,250,,3.3665267504468003e-15,0.45679011410269926,1.1723955140041653e-13,-32.299464939654,208.09813029616092,0.2176860963095005,0,,
feasible,feasible,gaussian,250,375,0.1,0.098592,125,9,17960747343413898695,473968058160743107,0,optimal,0,optimal,0.04061916699720314,0.00011058299423893914,7.3208000685554e-05,0.025791458996536676,0.02597524999146117,1.0,415,265,Optimization terminated successfully. (HiGHS Status 7: Optimal),171.23031873859492,1.6937830750451584e-14,0.0,1.0533796057643485e-12,0.0,1.6598526265546117e-16,1,0.19848901774854363,0.0,6.199584173133806,0.0,143.00898241372107,0.16481506623810774,0,6.351008607907715e-11,0.000559667001652997,0.026534916993114166,computed,,,4.739577899622605e-15,0.46412695654561975,2.0605739337042905e-13,-26.706197189987147,123.86147359923925,0.276638188191837,0,0.0032689170038793236,0.029244166995340493,computed,250,,3.630539320490348e-15,0.4874017368439688,1.0658141036401503e-13,-56.03282813721371,72.03338421092803,0.5793187518333347,0,,
feasible,feasible,gaussian,250,375,0.5,0.502208,125,0,1754492300889523154,15288239683152623418,0,optimal,0,optimal,0.0876974999991944,0.00010945800022454932,7.404100324492902e-05,0.02802329199766973,0.02820679100113921,1.0,448,296,Optimization terminated successfully. (HiGHS Status 7: Optimal),187.55260250207908,1.1112409560751573e-14,0.0,2.8848035071860068e-12,0.0,4.546198088094608e-16,1,0.08421349256656781,0.0,16.04844451179192,0.0,173.43634839528858,0.07526557306307761,0,5.258016244624741e-13,0.000531833000422921,0.02873862400156213,computed,,,6.311651097462114e-15,0.48716839949934126,1.2860823517257813e-12,-72.07189360875087,151.88450736593225,0.1901764873444052,0,0.0033031670027412474,0.031509958003880456,computed,250,,4.632620216840673e-16,0.36387198293699236,1.4921397450962104e-13,-8.217235359199272,190.62671619669726,0.016390674688633085,0,,
feasible,feasible,gaussian,250,375,0.5,0.498656,125,1,2809596706022602811,17682069161602472490,0,optimal,0,optimal,0.0886120419963845,0.00010850000398932025,7.279199780896306e-05,0.028913041001942474,0.029094333003740758,1.0,458,309,Optimization terminated successfully. (HiGHS Status 7: Optimal),183.8813683177262,7.732407199108323e-15,0.0,1.5418777365994174e-12,0.0,9.273927975550366e-16,1,0.08893189375725419,0.0,13.912873142598151,0.0,171.20823312725628,0.06892017014237153,0,8.710259180588764e-10,0.0005783750020782463,0.029672708005819004,computed,,,1.1689361108554087e-15,0.36765700034245313,2.3447910280083306e-13,-9.321784822511693,179.36530681645377,0.024559647029975522,0,0.003256208001403138,0.032350541005143896,computed,250,,3.1900837410902366e-15,0.48232914959603357,5.613287612504791e-13,-102.5375970242235,229.1179560899327,0.24600963211260748,0,,
feasible,feasible,gaussian,250,375,0.5,0.4971413333333333,125,2,15650037977374881186,4979951967520803668,0,optimal,0,optimal,0.08495620799658354,0.0001237499964190647,7.19579984433949e-05,0.025555957996402867,0.025751665991265327,1.0,453,272,Optimization terminated successfully. (HiGHS Status 7: Optimal),183.6115040499257,5.928380127047068e-15,0.0,1.1439738045737613e-12,0.0,0.0,1,0.08676235537066666,0.0,14.521124182150892,0.0,170.0004710811161,0.07412952167261067,0,1.7233121596404999e-09,0.000606875000812579,0.026358540992077906,computed,,,6.641623249999306e-15,0.4803472354670277,1.2079226507921703e-12,-71.65450175584814,169.18771468297388,0.07855602208361559,0,0.0032726249992265366,0.029024290990491863,computed,250,,9.441404729249104e-16,0.4444323199774214,1.9184653865522705e-13,-27.35374648114189,184.87379370545165,0.006874785226870668,0,,
feasible,feasible,gaussian,250,375,0.5,0.5030506666666666,125,3,13942860076351606617,3437605419014809533,0,optimal,0,optimal,0.09157587499794317,0.00011775000166380778,7.816699508111924e-05,0.026007582993770484,0.02620349999051541,1.0,499,279,Optimization terminated successfully. (HiGHS Status 7: Optimal),186.86374547384898,2.9010511597151217e-15,0.0,6.465938895416912e-13,0.0,3.0419715026403057e-16,1,0.07006351733848148,0.0,12.685204080867095,0.0,174.6169813754122,0.06553847065080227,0,9.57527390710311e-11,0.0005592089946730994,0.02676270898518851,computed,,,2.0927719691688648e-15,0.4260798545885924,3.765876499528531e-13,-16.717476290968275,181.80263218220088,0.027084511652135546,0,0.0033042089999071322,0.029507708990422543,computed,250,,1.4432306413147245e-15,0.4660335550220754,3.126388037344441e-13,-42.13359043851068,196.83353638154,0.05335326487441194,0,,
feasible,feasible,gaussian,250,375,0.5,0.502944,125,4,9204708832253142454,6081995655388550735,0,optimal,0,optimal,0.08425770799658494,0.00013016599405091256,7.208400347735733e-05,0.025705540996568743,0.025907790994097013,1.0,428,286,Optimization terminated successfully. (HiGHS Status 7: Optimal),181.23059072239306,3.3487049618547813e-15,0.0,6.394884621840902e-13,0.0,6.273049007259495e-16,1,0.09383267461143227,0.0,17.110588635217745,0.0,167.63708226493128,0.07500669949415033,0,1.5576517853332916e-10,0.0005330419953679666,0.02644083298946498,computed,,,5.98272881410771e-15,0.478116419516392,1.2576606422953773e-12,-50.32275582495609,147.9292000738014,0.18375148762607318,0,0.0032440419963677414,0.029151832990464754,computed,250,,7.540491368256832e-16,0.39791643830302414,1.1368683772161603e-13,-11.779198685411576,189.87751868263194,0.04771229804952758,0,,
feasible,feasible,gaussian,250,375,0.5,0.501024,125,5,3348953726892397850,2780526887902536884,0,optimal,0,optimal,0.08415612499811687,0.00011841699597425759,7.60830007493496e-05,0.02585808299772907,0.026052582994452678,1.0,434,274,Optimization terminated successfully. (HiGHS Status 7: Optimal),185.59823689467297,1.154029317321567e-14,0.0,2.2524204723595176e-12,0.0,6.125426600153172e-16,1,0.08162049025632297,0.0,13.92964230401872,0.0,174.613891688156,0.059183456644314396,0,3.944933268940076e-11,0.0005459579988382757,0.026598540993290953,computed,,,1.2052281182501501e-14,0.4919496901322826,3.211653165635653e-12,-116.51937578059382,163.5773430364618,0.11864818452293881,0,0.0032843750013853423,0.02933695799583802,computed,250,,9.191943049133978e-15,0.49429075334635925,2.4087398742267396e-12,-249.10776319557496,182.56923048965862,0.01632023264710977,0,,
feasible,feasible,gaussian,250,375,0.5,0.5000533333333333,125,6,499303649882023997,1859071690514186500,0,optimal,0,optimal,0.08714962499652756,0.00011900000390596688,7.224999717436731e-05,0.026279332996637095,0.02647058299771743,1.0,449,281,Optimization terminated successfully. (HiGHS Status 7: Optimal),171.97261817459378,6.041648003143614e-15,0.0,1.1581846592889633e-12,0.0,1.6526880693035155e-16,1,0.07825507864386323,0.0,12.267465972657028,0.0,160.60321403846842,0.06611171160156838,0,1.4262298009271035e-09,0.0005409160003182478,0.027011498998035677,computed,,,8.35457143582562e-15,0.4892062719519578,1.4850343177386094e-12,-113.85611918069384,145.46819867169023,0.1541199976149411,0,0.003296625000075437,0.029767207997792866,computed,250,,5.713151402654724e-15,0.49408710614706897,1.2221335055073723e-12,-135.82666116684157,116.64614847962292,0.32171673771228587,0,,
feasible,feasible,gaussian,250,375,0.5,0.5010133333333333,125,7,16931801075965902233,10346307762589443599,0,optimal,0,optimal,0.08789512500516139,0.00011637500574579462,7.987500430317596e-05,0.025516250003420282,0.025712500013469253,1.0,472,273,Optimization terminated successfully. (HiGHS Status 7: Optimal),174.95325793740324,4.6865084956330435e-14,0.0,9.890754881780595e-12,0.0,1.6245315900646477e-16,1,0.08232127317718703,0.0,12.972293790638638,0.0,162.39526334439347,0.07177914113210102,0,3.1965257107913203e-09,0.0005390830046962947,0.026251583018165547,computed,,,3.931436021144193e-15,0.47437562955519413,8.881784197001252e-13,-40.788560359279685,174.29534175159105,0.003760525488742553,0,0.0032497499996679835,0.028962250013137236,computed,250,,1.4255349629758975e-15,0.4182440782293689,1.8474111129762605e-13,-21.86099269767989,191.49254332644472,0.09453545240614568,0,,
feasible,feasible,gaussian,250,375,0.5,0.49994666666666665,125,8,17034818262035634206,1715355378359261438,0,optimal,0,optimal,0.08484716699604178,0.0001087079945136793,7.400000322377309e-05,0.028437207998649683,0.028619915996387135,1.0,436,299,Optimization terminated successfully. (HiGHS Status 7: Optimal),172.35385172776785,5.6136762045305876e-15,0.0,1.2576606422953773e-12,0.0,8.245162247750632e-16,1,0.08637427781035627,0.0,12.022877433895971,0.0,159.9277508770641,0.07209644998436457,0,2.1316282072803006e-13,0.0005621669988613576,0.029182082995248493,computed,,,1.0799960603199944e-15,0.37755340139222454,2.2026824808563106e-13,-8.85552831562499,169.52551542323937,0.01641005568587862,0,0.0032695830013835803,0.031889498997770716,computed,250,,1.1983605574522214e-15,0.4579892407031575,2.1316282072803006e-13,-34.980175274279766,173.18906929382703,0.004845946624845673,0,,
feasible,feasible,gaussian,250,375,0.5,0.496832,125,9,10549909091375659634,11170688649631002760,0,optimal,0,optimal,0.07534679200034589,0.00011041600373573601,7.329099753405899e-05,0.02768912499595899,0.027872831997228786,1.0,435,282,Optimization terminated successfully. (HiGHS Status 7: Optimal),177.71761697060217,6.186513291721255e-11,0.0,9.442963744277222e-09,0.0,4.797787059305242e-16,1,0.0877264530637483,0.0,15.824065563373093,0.0,164.21945969558087,0.07595283745704326,0,7.389644451905042e-13,0.0005415830019046552,0.02841441499913344,computed,,,1.765403124195779e-15,0.4325592385226113,4.973799150320701e-13,-15.632891847174994,171.191257936283,0.036723196864600495,0,0.0032660419965395704,0.031138873993768357,computed,250,,1.379826583442223e-15,0.42428303391171285,4.760636329592671e-13,-18.350883153539108,185.78504946034917,0.045394669517100264,0,,
feasible,feasible,gaussian,500,750,0.1,0.10000266666666667,250,0,7326182939656744097,15496289081965757522,0,optimal,0,optimal,0.49928958300006343,0.002694416994927451,0.0006207499973243102,0.21161674999893876,0.21493191699119052,1.0,983,628,Optimization terminated successfully. (HiGHS Status 7: Optimal),356.68498622525817,6.069749907386465e-14,0.0,7.428724302371847e-12,0.0,1.1155612021593958e-15,1,0.14829529694415577,0.0,10.536157776397681,0.0,313.0393985617251,0.12236452149395807,0,1.531219595563016e-12,0.0022687500022584572,0.21720066699344898,computed,,,1.6866621313404956e-14,0.4768892011232957,1.730171561575844e-12,-53.96775844406617,302.77490869516134,0.15114198694096567,0,0.011523082997882739,0.22645499998907326,computed,500,,7.142596611398885e-15,0.47896297137519994,5.933031843596837e-13,-87.72312736458717,476.64120719765674,0.3363085792925493,0,,
feasible,feasible,gaussian,500,750,0.1,0.09971466666666666,250,1,6583340309865565102,6835243843475625456,0,optimal,0,optimal,0.4930272089986829,0.0004132920003030449,0.0004222089992254041,0.20631504099583253,0.20715054199536098,1.0,1013,596,Optimization terminated successfully. (HiGHS Status 7: Optimal),349.9724839333355,5.1877022317003385e-12,0.0,5.482050369209901e-10,0.0,3.2484507480099977e-16,1,0.15592434841518796,0.0,12.226036939047626,0.0,307.90031996678476,0.12021563379412643,0,1.2292389328649733e-12,0.0020584580051945522,0.20920900000055553,computed,,,1.0342626438959515e-13,0.4943812290344393,9.244160992238903e-12,-273.7696310188518,438.3109097194979,0.2524153464676087,0,0.011474332997750025,0.218624874993111,computed,500,,8.069844505671047e-15,0.48523381873787597,6.146194664324867e-13,-97.47348655391374,358.47003064039035,0.024280613754404743,0,,
feasible,feasible,gaussian,500,750,0.1,0.099488,250,2,9571605491197435985,15111813442953354526,0,optimal,0,optimal,0.4302516250027111,0.00042087499605258927,0.000428917002864182,0.21280229100375436,0.21365208300267113,1.0,980,658,Optimization terminated successfully. (HiGHS Status 7: Optimal),351.56960658869866,2.8918072641224784e-14,0.0,2.540190280342358e-12,0.0,4.850540359193431e-16,1,0.1555959846198217,0.0,9.945671016832037,0.0,305.49923533924505,0.1310419626328834,0,1.1315393066979595e-12,0.0021459589988808148,0.21579804200155195,computed,,,9.891515964376008e-15,0.4694342564142546,9.841016890277388e-13,-32.85297455990236,298.6218815379454,0.15060381801631947,0,0.011485290997370612,0.22513737400004175,computed,500,,3.266145927178993e-15,0.4649381266745508,2.859934511434403e-13,-36.52806845835217,350.11144528547345,0.004147574977751941,0,,
feasible,feasible,gaussian,500,750,0.1,0.10140533333333333,250,3,16871644240846793905,14871016596990774013,0,optimal,0,optimal,0.5074907500020345,0.00040824999450705945,0.00042995799594791606,0.20346595899900422,0.2043041669894592,1.0,1018,620,Optimization terminated successfully. (HiGHS Status 7: Optimal),352.1173491557054,1.7582167642188878e-14,0.0,1.659117287999834e-12,0.0,6.457326683516754e-16,1,0.16016446759341277,0.0,10.047822104436058,0.0,307.8836422754025,0.125622060334047,0,3.916866830877552e-12,0.0020824159946641885,0.20638658298412338,computed,,,9.216869229322983e-15,0.4536089160839072,8.597567102697212e-13,-35.53383028231693,393.35002067031746,0.11709923300706011,0,0.01158745800057659,0.21589162499003578,computed,500,,4.165561456863467e-14,0.5024860338245711,3.602451670303708e-12,-384.06424313293195,-309.7114355387861,1.8795688036428808,0,,
feasible,feasible,gaussian,500,750,0.1,0.10104533333333333,250,4,7738098524725216215,5952565989223419414,0,optimal,0,optimal,0.5010266660028719,0.00043570799607550725,0.0004373339979792945,0.20406345899391454,0.20493650098796934,1.0,952,617,Optimization terminated successfully. (HiGHS Status 7: Optimal),358.3250070865414,3.036216562895947e-14,0.0,3.4781066915456904e-12,0.0,7.931824145206721e-16,1,0.16727790167014453,0.0,11.242784236377949,0.0,312.43947255420073,0.12805563001428702,0,7.407408020299044e-13,0.002137750001566019,0.20707425098953536,computed,,,2.625920010715178e-14,0.481271804907594,2.9984903449076228e-12,-74.54201259191551,377.8524675740362,0.0544965048525857,0,0.011505041002237704,0.21644154199020704,computed,500,,2.0054895145379627e-14,0.49431132075127415,1.822542117224657e-12,-286.9819495441714,379.9938926865766,0.06047271379750926,0,,
feasible,feasible,gaussian,500,750,0.1,0.09994133333333333,250,5,16056832564600917179,4561643840586616135,0,optimal,0,optimal,0.42529525000281865,0.0004237080065649934,0.0004915829995297827,0.1978211250025197,0.19873641600861447,1.0,954,599,Optimization terminated successfully. (HiGHS Status 7: Optimal),347.7569004474581,3.2334915004232085e-13,0.0,3.310773877274187e-11,0.0,1.634573427232291e-16,1,0.16484116019460407,0.0,10.860516411711249,0.0,303.1172804303735,0.12836444067579061,0,1.014299755297543e-12,0.002185041994380299,0.20092145800299477,computed,,,7.460508623050139e-15,0.43907526905770833,8.5087492607272e-13,-23.620108924976446,340.9453840672278,0.019587005668229473,0,0.011582500002987217,0.2103189160116017,computed,500,,1.3186346861125142e-15,0.4090638706101597,1.0302869668521453e-13,-14.667543376406853,337.8454672522362,0.028501039612639948,0,,
feasible,feasible,gaussian,500,750,0.1,0.09994666666666667,250,6,4978536267355367504,9499394908756848840,0,optimal,0,optimal,0.43258954199700383,0.000414542002545204,0.00042587499774526805,0.20128291699802503,0.2021233339983155,1.0,958,614,Optimization terminated successfully. (HiGHS Status 7: Optimal),356.1884060896117,3.5980048670433644e-11,0.0,3.88672205531293e-09,0.0,9.57528396022643e-16,1,0.1478789751951016,0.0,10.582449951441841,0.0,314.129852179688,0.11807951407419677,0,7.647216193618078e-13,0.0021968750006635673,0.20432020899897907,computed,,,6.323793521075092e-13,0.49592921140254126,5.81366066398914e-11,-1733.1337894506064,1970.7780311412048,4.532965131507915,0,0.011423083997215144,0.21354641799553065,computed,500,,3.288012890976978e-15,0.45398544640677085,3.126388037344441e-13,-35.41250232695489,439.3910750963469,0.23359173848517192,0,,
feasible,feasible,gaussian,500,750,0.1,0.09971466666666666,250,7,10564391266194242251,3745116102596440639,0,optimal,0,optimal,0.5261633330010227,0.00042608399962773547,0.00042616700375219807,0.20861316599621205,0.20946541699959198,1.0,965,626,Optimization terminated successfully. (HiGHS Status 7: Optimal),357.36597815425716,2.7233063055324073e-14,0.0,3.1938895972416503e-12,0.0,6.362488019077358e-16,1,0.17168127623639984,0.0,13.998140092350031,0.0,309.9020359479069,0.1328160628258302,0,5.388791635141388e-10,0.002068624999083113,0.2115340419986751,computed,,,1.3236775663220383e-14,0.4682559006659465,1.2256862191861728e-12,-35.86624813350768,305.8142747540886,0.14425464804015575,0,0.011488500000268687,0.22095391699986067,computed,500,,1.949707312919999e-15,0.42810972341508247,2.0961010704922955e-13,-28.39107251179451,428.3875279128002,0.19873618111427163,0,,
feasible,feasible,gaussian,500,750,0.1,0.09942933333333333,250,8,4304563319876976748,2665318041455876613,0,optimal,0,optimal,0.48466429200198036,0.00045249999675434083,0.000418167001043912,0.20672587500303052,0.20759654200082878,1.0,966,620,Optimization terminated successfully. (HiGHS Status 7: Optimal),353.7675781793357,4.1113871150975045e-14,0.0,3.723243935382925e-12,0.0,6.4272050201267785e-16,1,0.1581643841653254,0.0,9.60289816401676,0.0,308.7913639675757,0.12713492413078165,0,9.672262990534364e-13,0.0021207919999142177,0.209717334000743,computed,,,1.5938016982369173e-14,0.4693139127015244,1.815436689867056e-12,-47.1152244188455,328.2616707768585,0.07209792240923692,0,0.011574459000257775,0.21917100100108655,computed,500,,2.7934284346413353e-15,0.45846765016609775,1.8829382497642655e-13,-34.64294065465627,347.79743051277546,0.016875903940337975,0,,
feasible,feasible,gaussian,500,750,0.1,0.10072533333333333,250,9,10294814613083596542,2990145750465358052,0,optimal,0,optimal,0.5156007499972475,0.00040479099698131904,0.0004252079961588606,0.1975842499959981,0.1984142489891383,1.0,978,580,Optimization terminated successfully. (HiGHS Status 7: Optimal),352.43201236506104,1.9060888957560322e-14,0.0,2.19912976717751e-12,0.0,4.838671023044948e-16,1,0.16374849253371893,0.0,11.250783355520277,0.0,308.7522217867772,0.12393820381174385,0,1.0516032489249483e-12,0.0021819169996888377,0.20059616598882712,computed,,,4.490553760201027e-14,0.4897643126299889,3.907985046680551e-12,-108.3776143740368,327.3144859141402,0.0712691400601356,0,0.011364791003870778,0.20977903999300906,computed,500,,1.35933499675418e-15,0.408777431409944,1.1723955140041653e-13,-15.055840675966747,346.18734067545205,0.017718798152594372,0,,
feasible,feasible,gaussian,500,750,0.5,0.501056,250,0,13230558412774904204,10438299658906985876,0,optimal,0,optimal,0.8937550830014516,0.00044591700134333223,0.0004207919992040843,0.20875683399935951,0.20962354299990693,1.0,997,636,Optimization terminated successfully. (HiGHS Status 7: Optimal),358.5927175126661,1.2917330125742505e-14,0.0,6.59383658785373e-12,0.0,1.5851805149612447e-16,1,0.059787872080870566,0.0,19.272526390107288,0.0,341.6807797398241,0.04716196661814415,0,2.5991653274104465e-10,0.0022775000034016557,0.2119010430033086,computed,,,5.050791354523285e-15,0.46559335093410853,2.1032064978498966e-12,-41.78999253571995,364.06657537561784,0.0152648327632544,0,0.01160233399423305,0.22122587699413998,computed,500,,1.3505450785820692e-15,0.4573216233839578,5.542233338928781e-13,-43.69489622368071,350.62142720824465,0.022229370299857963,0,,
feasible,feasible,gaussian,500,750,0.5,0.500336,250,1,690640258108634171,2478084315568476606,0,optimal,0,optimal,0.8560187089969986,0.00044941699889022857,0.00044183299905853346,0.21274412499769824,0.213635374995647,1.0,1054,657,Optimization terminated successfully. (HiGHS Status 7: Optimal),364.74516654791944,8.397276126803776e-13,0.0,4.533404762696591e-10,0.0,9.35065202899791e-16,1,0.06610710798764546,0.0,22.143578684474306,0.0,344.9668532296086,0.054225018265491066,0,1.5347723092418164e-12,0.0021626250018016435,0.21579799999744864,computed,,,1.8292468050363093e-14,0.48781682410490584,7.432277016050648e-12,-104.83857427285255,371.166851911918,0.017605950545626334,0,0.011594334006076679,0.22522970900172368,computed,500,,1.5488691345438854e-15,0.46646991963380524,6.536993168992922e-13,-38.82592958555987,406.0447405600869,0.11322857106796502,0,,
feasible,feasible,gaussian,500,750,0.5,0.5004133333333334,250,2,9637689204773254019,8175781563973500506,0,optimal,0,optimal,0.8908258749943343,0.00042587499774526805,0.0004261659996700473,0.22984833300142782,0.23070037399884313,1.0,999,690,Optimization terminated successfully. (HiGHS Status 7: Optimal),369.5737644197937,1.3114554420553788e-14,0.0,5.4001247917767614e-12,0.0,4.614241404558172e-16,1,0.06234539284287311,0.0,22.82683195343124,0.0,350.0171548726188,0.05291666084002917,0,1.6200374375330284e-12,0.002158083996619098,0.23285845799546223,computed,,,2.1295468165977587e-15,0.41851779974992054,8.242295734817162e-13,-17.38547034048729,362.74201666512346,0.018485478170767317,0,0.011671542000840418,0.24237191599968355,computed,500,,2.4734394432396406e-15,0.4781268194938628,1.2505552149377763e-12,-74.1128997068161,401.50791610627783,0.08640805912351072,0,,
feasible,feasible,gaussian,500,750,0.5,0.499224,250,3,12946241456493946553,9305962771430455279,0,optimal,0,optimal,0.8631755000023986,0.00042095800017705187,0.00043045799975516275,0.213676375002251,0.21452779100218322,1.0,1033,684,Optimization terminated successfully. (HiGHS Status 7: Optimal),371.8097303093662,4.88480005264434e-13,0.0,2.3726443032501265e-10,0.0,9.172985141649375e-16,1,0.0664885886243994,0.0,26.407732738459714,0.0,351.9727687381961,0.05335245410243828,0,4.74017269880278e-10,0.002038915998127777,0.216566707000311,computed,,,3.74898669214778e-15,0.44934677980201027,1.9184653865522705e-12,-23.69009516449969,360.6988231717379,0.029883314587769823,0,0.011434542000642978,0.2259623330028262,computed,500,,8.93117067111487e-16,0.44562811212748676,3.126388037344441e-13,-22.730468830209105,359.6705994369563,0.03264877135493418,0,,
feasible,feasible,gaussian,500,750,0.5,0.500024,250,4,15460574756832041900,7364247054296760211,0,optimal,0,optimal,0.8502690000022994,0.0004191670013824478,0.0004212080020806752,0.21719049999956042,0.21803087500302354,1.0,1027,657,Optimization terminated successfully. (HiGHS Status 7: Optimal),365.85070505133206,5.2997430680547555e-14,0.0,2.1259438653942198e-11,0.0,9.322395951567037e-16,1,0.06821853150526895,0.0,25.674301599734278,0.0,345.5338924545576,0.05553306940852695,0,1.6768808563938364e-12,0.0022110000063548796,0.22024187500937842,computed,,,1.0426883556980593e-14,0.4804665048733383,3.723243935382925e-12,-62.33878711788492,349.7100394454502,0.044118175482583386,0,0.011541832995135337,0.22957270799815888,computed,500,,7.37370603169279e-15,0.49252649018478895,3.0269120543380268e-12,-220.0204281221362,402.8181470227305,0.10104515711186607,0,,
feasible,feasible,gaussian,500,750,0.5,0.4999866666666667,250,5,5081313449588335768,6142439862972750400,0,optimal,0,optimal,0.7986509170004865,0.00043783299770439044,0.00043858300341526046,0.21712262500659563,0.21799904100771528,1.0,996,684,Optimization terminated successfully. (HiGHS Status 7: Optimal),365.19932380907096,8.546287989395299e-12,0.0,3.1232616493070964e-09,0.0,1.5565039460622386e-16,1,0.05841082661664243,0.0,25.15412949717215,0.0,347.7496780318427,0.047781155767832255,0,1.3004409993300214e-08,0.0020401669971761294,0.2200392080048914,computed,,,5.613181412612166e-15,0.4664934960540055,2.8421709430404007e-12,-30.444801365892356,357.20887764063514,0.021879685003505744,0,0.011238749997573905,0.22923779100528918,computed,500,,6.697442173811261e-16,0.40054490473485843,3.694822225952521e-13,-12.863395475612137,366.2677737827581,0.002925662519150273,0,,
feasible,feasible,gaussian,500,750,0.5,0.5010293333333333,250,6,8890637781402314322,4082337391829808699,0,optimal,0,optimal,0.8667224169985275,0.0004342090032878332,0.0004211670020595193,0.19732754200231284,0.1981829180076602,1.0,1011,588,Optimization terminated successfully. (HiGHS Status 7: Optimal),360.35446413515535,8.19333868814456e-15,0.0,3.410605131648481e-12,0.0,3.1548613666952223e-16,1,0.07241679132818181,0.0,23.06375675618449,0.0,339.71690436565996,0.05727016541622451,0,2.2026824808563106e-12,0.0020988340038456954,0.2002817520115059,computed,,,8.883791003235389e-14,0.49729675656607825,4.0387249100604095e-11,-703.2249635019481,519.7060541261935,0.442207897641783,0,0.011672958004055545,0.20985587601171574,computed,500,,1.12351160616218e-15,0.45084438124130405,8.810729923425242e-13,-25.51381524800461,366.13996754020854,0.016055034641900213,0,,
feasible,feasible,gaussian,500,750,0.5,0.500392,250,7,7643250977287856016,15357583763842395007,0,optimal,0,optimal,0.840612667001551,0.0004199579998385161,0.0004229589976603165,0.22151095799927134,0.22235387499677017,1.0,999,685,Optimization terminated successfully. (HiGHS Status 7: Optimal),374.9024531995802,7.28793012091368e-13,0.0,2.7068836061516777e-10,0.0,6.064875636388248e-16,1,0.06736102189382835,0.0,26.72719087577441,0.0,355.17643583850736,0.05261639979339331,0,1.5006662579253316e-11,0.0021174169960431755,0.22447129199281335,computed,,,4.031284749523043e-15,0.4522278000183526,1.7053025658242404e-12,-27.92782478204404,369.2968572571952,0.014952145270175259,0,0.011542792002728675,0.23389666699949885,computed,500,,9.197892816843553e-16,0.4404749362608657,4.973799150320701e-13,-21.926324895092232,366.60600909600794,0.022129607402584354,0,,
feasible,feasible,gaussian,500,750,0.5,0.49950666666666665,250,8,2040942883999974192,5280665597616483519,0,optimal,0,optimal,1.0040563750008005,0.0004147500003455207,0.0004517499983194284,0.22541891699802363,0.22628541699668858,1.0,1082,705,Optimization terminated successfully. (HiGHS Status 7: Optimal),368.5125545187867,1.412673615193857e-14,0.0,6.195932655828074e-12,0.0,1.2340077571584654e-15,1,0.06093806231506912,0.0,24.24355974823554,0.0,350.0005445964552,0.05023440774359655,0,2.1600499167107046e-12,0.002198582995333709,0.2284839999920223,computed,,,1.4710917672169984e-14,0.4885093945734079,7.204903340607416e-12,-103.13428543714221,323.40846243744886,0.12239499449411038,0,0.011493833997519687,0.23777925099420827,computed,500,,3.6900446777162834e-15,0.4853955487670256,1.3216094885137863e-12,-79.07382439662346,349.47630774747563,0.051656983019665856,0,,
feasible,feasible,gaussian,500,750,0.5,0.49896,250,9,7605527875399439670,9105246980261887342,0,optimal,0,optimal,0.9960725420023664,0.00046170900168363005,0.0004206670055282302,0.22681745900626993,0.2276998350134818,1.0,994,678,Optimization terminated successfully. (HiGHS Status 7: Optimal),371.60382083267,9.337094971421764e-15,0.0,3.907985046680551e-12,0.0,1.5296779977513774e-16,1,0.06820380523357093,0.0,23.413920251148568,0.0,352.210892774978,0.05218710618808312,0,1.9895196601282805e-12,0.002362957995501347,0.23006279300898314,computed,,,3.2589995052592382e-15,0.44602571011830644,1.6626700016786344e-12,-29.414058604985296,364.983694788671,0.017815010699203555,0,0.011484125003335066,0.23918396001681685,computed,500,,1.0238463023505777e-15,0.4426736871041016,3.979039320256561e-13,-18.969004741939003,366.1877727061346,0.014574791277439995,0,,
infeasible,legacy_all_negative,sparse,100,150,0.1,0.09846666666666666,50,0,14120898335071839107,3608403440096458390,2,infeasible,2,infeasible,0.0008425830019405112,2.8458998713176697e-05,1.4792000001762062e-05,0.001994874997762963,0.002038125996477902,0.9756,0,17,The problem is infeasible. (HiGHS Status 8: model_status is Infeasible; primal_status is Infeasible),,,,,,,,,,,,,,,,,,,,,,,,,,,,,,,,,,,,,,,,-0.29069767537376845,0.0
infeasible,legacy_all_negative,orthogonal,100,150,0.1,0.09846666666666666,50,0,14120898335071839107,16119221884393778778,2,infeasible,2,infeasible,0.0008425830019405112,0.00021041600120952353,9.957999282050878e-06,0.0021590830001514405,0.002379457000643015,1.0,0,35,The problem is infeasible. (HiGHS Status 8: model_status is Infeasible; primal_status is Infeasible),,,,,,,,,,,,,,,,,,,,,,,,,,,,,,,,,,,,,,,,-0.29069767537376845,0.0
infeasible,legacy_all_negative,sparse,100,150,0.1,0.10053333333333334,50,1,11966889365238911974,7707320631363481383,2,infeasible,2,infeasible,0.0006368329995893873,2.6041998353321105e-05,1.06250008684583e-05,0.001877167000202462,0.0019138339994242415,0.9768,0,17,The problem is infeasible. (HiGHS Status 8: model_status is Infeasible; primal_status is Infeasible),,,,,,,,,,,,,,,,,,,,,,,,,,,,,,,,,,,,,,,,-0.7657374028525082,0.0
infeasible,legacy_all_negative,orthogonal,100,150,0.1,0.10053333333333334,50,1,11966889365238911974,12515845533850518469,2,infeasible,2,infeasible,0.0006368329995893873,0.00014408300194190815,9.584000508766621e-06,0.001905207995150704,0.0020588749976013787,1.0,0,20,The problem is infeasible. (HiGHS Status 8: model_status is Infeasible; primal_status is Infeasible),,,,,,,,,,,,,,,,,,,,,,,,,,,,,,,,,,,,,,,,-0.7657374028525082,0.0
infeasible,legacy_all_negative,sparse,100,150,0.1,0.09633333333333334,50,2,2575149217599992671,10566472872076136854,2,infeasible,2,infeasible,0.0006532080005854368,2.779100032057613e-05,1.1999996786471456e-05,0.0019978749987785704,0.002037665995885618,0.9617333333333333,0,20,The problem is infeasible. (HiGHS Status 8: model_status is Infeasible; primal_status is Infeasible),,,,,,,,,,,,,,,,,,,,,,,,,,,,,,,,,,,,,,,,-0.06629955248999764,0.0
infeasible,legacy_all_negative,orthogonal,100,150,0.1,0.09633333333333334,50,2,2575149217599992671,14450639547794234090,2,infeasible,2,infeasible,0.0006532080005854368,0.0001369579986203462,1.0208997991867363e-05,0.0019721659991773777,0.0021193329957895912,1.0,0,25,The problem is infeasible. (HiGHS Status 8: model_status is Infeasible; primal_status is Infeasible),,,,,,,,,,,,,,,,,,,,,,,,,,,,,,,,,,,,,,,,-0.06629955248999764,0.0
infeasible,legacy_all_negative,sparse,100,150,0.1,0.1002,50,3,14149105693392940149,11600397253805424834,2,infeasible,2,infeasible,0.0005995419996907003,2.5458000891376287e-05,9.791998309083283e-06,0.0019441659969743341,0.0019794159961747937,0.9672,0,32,The problem is infeasible. (HiGHS Status 8: model_status is Infeasible; primal_status is Infeasible),,,,,,,,,,,,,,,,,,,,,,,,,,,,,,,,,,,,,,,,-0.9873690239636053,0.0
infeasible,legacy_all_negative,orthogonal,100,150,0.1,0.1002,50,3,14149105693392940149,13284013515640677309,2,infeasible,2,infeasible,0.0005995419996907003,0.0001319579969276674,8.125003660097718e-06,0.0019718330004252493,0.0021119160010130145,1.0,0,30,The problem is infeasible. (HiGHS Status 8: model_status is Infeasible; primal_status is Infeasible),,,,,,,,,,,,,,,,,,,,,,,,,,,,,,,,,,,,,,,,-0.9873690239636053,0.0
infeasible,legacy_all_negative,sparse,100,150,0.1,0.09966666666666667,50,4,16292641137951162934,5356199503868009843,2,infeasible,2,infeasible,0.0006691250018775463,2.524999581510201e-05,1.0915995517279953e-05,0.0018724999972619116,0.0019086659885942936,0.9681333333333333,0,33,The problem is infeasible. (HiGHS Status 8: model_status is Infeasible; primal_status is Infeasible),,,,,,,,,,,,,,,,,,,,,,,,,,,,,,,,,,,,,,,,-0.5560619661270352,0.0
infeasible,legacy_all_negative,orthogonal,100,150,0.1,0.09966666666666667,50,4,16292641137951162934,16917828051364784016,2,infeasible,2,infeasible,0.0006691250018775463,0.0001282500015804544,7.708003977313638e-06,0.0017757500027073547,0.0019117080082651228,1.0,0,14,The problem is infeasible. (HiGHS Status 8: model_status is Infeasible; primal_status is Infeasible),,,,,,,,,,,,,,,,,,,,,,,,,,,,,,,,,,,,,,,,-0.5560619661270352,0.0
infeasible,legacy_all_negative,sparse,100,150,0.1,0.09913333333333334,50,5,6090306743465684412,17126316429128444872,2,infeasible,2,infeasible,0.0006154169968795031,3.162500070175156e-05,8.792005246505141e-06,0.001769458998751361,0.0018098760046996176,0.9705333333333334,0,11,The problem is infeasible. (HiGHS Status 8: model_status is Infeasible; primal_status is Infeasible),,,,,,,,,,,,,,,,,,,,,,,,,,,,,,,,,,,,,,,,-0.20488192541927197,0.0
infeasible,legacy_all_negative,orthogonal,100,150,0.1,0.09913333333333334,50,5,6090306743465684412,17603700223010293943,2,infeasible,2,infeasible,0.0006154169968795031,0.00012604099902091548,7.791000825818628e-06,0.0018385000003036112,0.0019723320001503453,1.0,0,20,The problem is infeasible. (HiGHS Status 8: model_status is Infeasible; primal_status is Infeasible),,,,,,,,,,,,,,,,,,,,,,,,,,,,,,,,,,,,,,,,-0.20488192541927197,0.0
infeasible,legacy_all_negative,sparse,100,150,0.1,0.09546666666666667,50,6,6774795688424395359,16762661136444273823,2,infeasible,2,infeasible,0.0005655000059050508,2.5458000891376287e-05,8.167000487446785e-06,0.0019308330010971986,0.0019644580024760216,0.9669333333333333,0,16,The problem is infeasible. (HiGHS Status 8: model_status is Infeasible; primal_status is Infeasible),,,,,,,,,,,,,,,,,,,,,,,,,,,,,,,,,,,,,,,,-0.9371311723902225,0.0
infeasible,legacy_all_negative,orthogonal,100,150,0.1,0.09546666666666667,50,6,6774795688424395359,14358912986741542353,2,infeasible,2,infeasible,0.0005655000059050508,0.00013824999768985435,1.0707997716963291e-05,0.0020014579931739718,0.0021504159885807894,1.0,0,21,The problem is infeasible. (HiGHS Status 8: model_status is Infeasible; primal_status is Infeasible),,,,,,,,,,,,,,,,,,,,,,,,,,,,,,,,,,,,,,,,-0.9371311723902225,0.0
infeasible,legacy_all_negative,sparse,100,150,0.1,0.10126666666666667,50,7,6444166952403414685,563167779808528817,2,infeasible,2,infeasible,0.000636624994513113,2.600000152597204e-05,1.020800118567422e-05,0.002004750000196509,0.0020409580029081553,0.972,0,31,The problem is infeasible. (HiGHS Status 8: model_status is Infeasible; primal_status is Infeasible),,,,,,,,,,,,,,,,,,,,,,,,,,,,,,,,,,,,,,,,-0.8910361621279443,0.0
infeasible,legacy_all_negative,orthogonal,100,150,0.1,0.10126666666666667,50,7,6444166952403414685,16752905017089668580,2,infeasible,2,infeasible,0.000636624994513113,0.00013958299678051844,9.249997674487531e-06,0.0018957499996758997,0.0020445829941309057,1.0,0,24,The problem is infeasible. (HiGHS Status 8: model_status is Infeasible; primal_status is Infeasible),,,,,,,,,,,,,,,,,,,,,,,,,,,,,,,,,,,,,,,,-0.8910361621279443,0.0
infeasible,legacy_all_negative,sparse,100,150,0.1,0.09606666666666666,50,8,6412795548452748011,9467242710966271910,2,infeasible,2,infeasible,0.000592500000493601,2.7207999664824456e-05,1.0124997061211616e-05,0.001862791999883484,0.0019001249966095202,0.964,0,21,The problem is infeasible. (HiGHS Status 8: model_status is Infeasible; primal_status is Infeasible),,,,,,,,,,,,,,,,,,,,,,,,,,,,,,,,,,,,,,,,-0.9836215822191433,0.0
infeasible,legacy_all_negative,orthogonal,100,150,0.1,0.09606666666666666,50,8,6412795548452748011,17670416937920630945,2,infeasible,2,infeasible,0.000592500000493601,0.00013354199472814798,1.4708995877299458e-05,0.0018383749993517995,0.001986625989957247,1.0,0,16,The problem is infeasible. (HiGHS Status 8: model_status is Infeasible; primal_status is Infeasible),,,,,,,,,,,,,,,,,,,,,,,,,,,,,,,,,,,,,,,,-0.9836215822191433,0.0
infeasible,legacy_all_negative,sparse,100,150,0.1,0.09653333333333333,50,9,4397189205109909147,4373699536210674447,2,infeasible,2,infeasible,0.0006142919955891557,2.6749999960884452e-05,8.957998943515122e-06,0.0018700830041780137,0.0019057910030824132,0.9621333333333333,0,18,The problem is infeasible. (HiGHS Status 8: model_status is Infeasible; primal_status is Infeasible),,,,,,,,,,,,,,,,,,,,,,,,,,,,,,,,,,,,,,,,-0.9542554403265012,0.0
infeasible,legacy_all_negative,orthogonal,100,150,0.1,0.09653333333333333,50,9,4397189205109909147,18159377946961976463,2,infeasible,2,infeasible,0.0006142919955891557,0.00012362499546725303,7.957998604979366e-06,0.0019109999993816018,0.002042582993453834,1.0,0,31,The problem is infeasible. (HiGHS Status 8: model_status is Infeasible; primal_status is Infeasible),,,,,,,,,,,,,,,,,,,,,,,,,,,,,,,,,,,,,,,,-0.9542554403265012,0.0
infeasible,legacy_all_negative,sparse,100,150,0.5,0.49546666666666667,50,0,4297805653292775315,5173707542801981407,2,infeasible,2,infeasible,0.0010990000009769574,2.5250003091059625e-05,1.1500000255182385e-05,0.0017979170006583445,0.0018346670040045865,1.0,0,5,The problem is infeasible. (HiGHS Status 8: model_status is Infeasible; primal_status is Infeasible),,,,,,,,,,,,,,,,,,,,,,,,,,,,,,,,,,,,,,,,-0.6786022024219045,0.0
infeasible,legacy_all_negative,orthogonal,100,150,0.5,0.49546666666666667,50,0,4297805653292775315,5106897512390228585,2,infeasible,2,infeasible,0.0010990000009769574,0.00013187500007916242,8.499999239575118e-06,0.00186145900079282,0.0020018340001115575,1.0,0,15,The problem is infeasible. (HiGHS Status 8: model_status is Infeasible; primal_status is Infeasible),,,,,,,,,,,,,,,,,,,,,,,,,,,,,,,,,,,,,,,,-0.6786022024219045,0.0
infeasible,legacy_all_negative,sparse,100,150,0.5,0.5024,50,1,17539004439539562627,3645471412734054114,2,infeasible,2,infeasible,0.001022374999593012,3.045899939024821e-05,1.1959004041273147e-05,0.001820041004975792,0.0018624590084073134,1.0,0,14,The problem is infeasible. (HiGHS Status 8: model_status is Infeasible; primal_status is Infeasible),,,,,,,,,,,,,,,,,,,,,,,,,,,,,,,,,,,,,,,,-0.9744818185668823,0.0
infeasible,legacy_all_negative,orthogonal,100,150,0.5,0.5024,50,1,17539004439539562627,4088362941804220691,2,infeasible,2,infeasible,0.001022374999593012,0.0001508330024080351,9.333998605143279e-06,0.001786375003575813,0.0019465420045889914,1.0,0,11,The problem is infeasible. (HiGHS Status 8: model_status is Infeasible; primal_status is Infeasible),,,,,,,,,,,,,,,,,,,,,,,,,,,,,,,,,,,,,,,,-0.9744818185668823,0.0
infeasible,legacy_all_negative,sparse,100,150,0.5,0.5005333333333334,50,2,10853022490207740962,12025998784974152118,2,infeasible,2,infeasible,0.0010338749998481944,2.662499900907278e-05,9.458002750761807e-06,0.0014240829987102188,0.0014601660004700534,1.0,0,0,The problem is infeasible. (HiGHS Status 8: model_status is Infeasible; primal_status is None),,,,,,,,,,,,,,,,,,,,,,,,,,,,,,,,,,,,,,,,-0.476519643785141,0.0
infeasible,legacy_all_negative,orthogonal,100,150,0.5,0.5005333333333334,50,2,10853022490207740962,4357811583653511985,2,infeasible,2,infeasible,0.0010338749998481944,0.00012324999988777563,8.000002708286047e-06,0.0017600410064915195,0.0018912910090875812,1.0,0,8,The problem is infeasible. (HiGHS Status 8: model_status is Infeasible; primal_status is Infeasible),,,,,,,,,,,,,,,,,,,,,,,,,,,,,,,,,,,,,,,,-0.476519643785141,0.0
infeasible,legacy_all_negative,sparse,100,150,0.5,0.49373333333333336,50,3,7205437092529819090,8510413676820659108,2,infeasible,2,infeasible,0.0009837499965215102,2.5082998035941273e-05,9.583003702573478e-06,0.0016905829979805276,0.0017252489997190423,1.0,0,7,The problem is infeasible. (HiGHS Status 8: model_status is Infeasible; primal_status is Infeasible),,,,,,,,,,,,,,,,,,,,,,,,,,,,,,,,,,,,,,,,-0.3710042682918844,0.0
infeasible,legacy_all_negative,orthogonal,100,150,0.5,0.49373333333333336,50,3,7205437092529819090,9606089919225652104,2,infeasible,2,infeasible,0.0009837499965215102,0.00013116700574755669,7.791997632011771e-06,0.001755166995280888,0.0018941259986604564,1.0,0,7,The problem is infeasible. (HiGHS Status 8: model_status is Infeasible; primal_status is Infeasible),,,,,,,,,,,,,,,,,,,,,,,,,,,,,,,,,,,,,,,,-0.3710042682918844,0.0
infeasible,legacy_all_negative,sparse,100,150,0.5,0.4918666666666667,50,4,16272741031870996799,4027241466484933014,2,infeasible,2,infeasible,0.0010742500016931444,2.612500247778371e-05,1.1542004358489066e-05,0.0017340000049443915,0.0017716670117806643,1.0,0,14,The problem is infeasible. (HiGHS Status 8: model_status is Infeasible; primal_status is Infeasible),,,,,,,,,,,,,,,,,,,,,,,,,,,,,,,,,,,,,,,,-0.9917568494501839,0.0
infeasible,legacy_all_negative,orthogonal,100,150,0.5,0.4918666666666667,50,4,16272741031870996799,1117088037730462441,2,infeasible,2,infeasible,0.0010742500016931444,0.0001299170035053976,8.33300146041438e-06,0.0017786660027923062,0.0019169160077581182,1.0,0,2,The problem is infeasible. (HiGHS Status 8: model_status is Infeasible; primal_status is Infeasible),,,,,,,,,,,,,,,,,,,,,,,,,,,,,,,,,,,,,,,,-0.9917568494501839,0.0
infeasible,legacy_all_negative,sparse,100,150,0.5,0.4935333333333333,50,5,327138038071386098,5528831943949632631,2,infeasible,2,infeasible,0.0010422080013086088,2.5208995793946087e-05,1.1167001503054053e-05,0.0013877919991500676,0.0014241679964470677,1.0,0,0,The problem is infeasible. (HiGHS Status 8: model_status is Infeasible; primal_status is None),,,,,,,,,,,,,,,,,,,,,,,,,,,,,,,,,,,,,,,,-0.2465228985315452,0.0
infeasible,legacy_all_negative,orthogonal,100,150,0.5,0.4935333333333333,50,5,327138038071386098,14805668329897065097,2,infeasible,2,infeasible,0.0010422080013086088,0.00013166600547265261,7.9160017776303e-06,0.001878584000223782,0.002018166007474065,1.0,0,8,The problem is infeasible. (HiGHS Status 8: model_status is Infeasible; primal_status is Infeasible),,,,,,,,,,,,,,,,,,,,,,,,,,,,,,,,,,,,,,,,-0.2465228985315452,0.0
infeasible,legacy_all_negative,sparse,100,150,0.5,0.4991333333333333,50,6,9829155595729363236,3705728411353583267,2,infeasible,2,infeasible,0.0010027079988503829,2.4791996111162007e-05,9.332994522992522e-06,0.0017263750050915405,0.001760499995725695,1.0,0,8,The problem is infeasible. (HiGHS Status 8: model_status is Infeasible; primal_status is Infeasible),,,,,,,,,,,,,,,,,,,,,,,,,,,,,,,,,,,,,,,,-0.8409577341037827,0.0
infeasible,legacy_all_negative,orthogonal,100,150,0.5,0.4991333333333333,50,6,9829155595729363236,2052633739027363817,2,infeasible,2,infeasible,0.0010027079988503829,0.00012395900557748973,8.541996066924185e-06,0.001744708999467548,0.001877210001111962,1.0,0,6,The problem is infeasible. (HiGHS Status 8: model_status is Infeasible; primal_status is Infeasible),,,,,,,,,,,,,,,,,,,,,,,,,,,,,,,,,,,,,,,,-0.8409577341037827,0.0
infeasible,legacy_all_negative,sparse,100,150,0.5,0.5022666666666666,50,7,11003327595132542958,1577255948534334771,2,infeasible,2,infeasible,0.0009995410000556149,2.6041001547127962e-05,7.999995432328433e-06,0.0017520420005894266,0.001786082997568883,1.0,0,5,The problem is infeasible. (HiGHS Status 8: model_status is Infeasible; primal_status is Infeasible),,,,,,,,,,,,,,,,,,,,,,,,,,,,,,,,,,,,,,,,-0.5601166171308444,0.0
infeasible,legacy_all_negative,orthogonal,100,150,0.5,0.5022666666666666,50,7,11003327595132542958,13895483231366642370,2,infeasible,2,infeasible,0.0009995410000556149,0.00012745799904223531,8.208000508602709e-06,0.002157875002012588,0.002293541001563426,1.0,0,21,The problem is infeasible. (HiGHS Status 8: model_status is Infeasible; primal_status is None),,,,,,,,,,,,,,,,,,,,,,,,,,,,,,,,,,,,,,,,-0.5601166171308444,0.0
infeasible,legacy_all_negative,sparse,100,150,0.5,0.5014,50,8,5658817593260244280,10900765821032838866,2,infeasible,2,infeasible,0.00106870799936587,2.5208995793946087e-05,1.1084004654549062e-05,0.0017347909961245023,0.0017710839965729974,1.0,0,14,The problem is infeasible. (HiGHS Status 8: model_status is Infeasible; primal_status is Infeasible),,,,,,,,,,,,,,,,,,,,,,,,,,,,,,,,,,,,,,,,-0.18901533794514214,0.0
infeasible,legacy_all_negative,orthogonal,100,150,0.5,0.5014,50,8,5658817593260244280,13157585761334541395,2,infeasible,2,infeasible,0.00106870799936587,0.00012712500029010698,7.791997632011771e-06,0.0017478329973528162,0.001882749995274935,1.0,0,7,The problem is infeasible. (HiGHS Status 8: model_status is Infeasible; primal_status is Infeasible),,,,,,,,,,,,,,,,,,,,,,,,,,,,,,,,,,,,,,,,-0.18901533794514214,0.0
infeasible,legacy_all_negative,sparse,100,150,0.5,0.5066666666666667,50,9,4595366471632466900,13938757163190105898,2,infeasible,2,infeasible,0.0010581249953247607,2.7459005650598556e-05,1.0666997695807368e-05,0.001697959000011906,0.001736085003358312,1.0,0,7,The problem is infeasible. (HiGHS Status 8: model_status is Infeasible; primal_status is Infeasible),,,,,,,,,,,,,,,,,,,,,,,,,,,,,,,,,,,,,,,,-0.9114106298686012,0.0
infeasible,legacy_all_negative,orthogonal,100,150,0.5,0.5066666666666667,50,9,4595366471632466900,84425800156554514,2,infeasible,2,infeasible,0.0010581249953247607,0.00012341699766693637,8.915994840208441e-06,0.0016898329995456152,0.00182216599205276,1.0,0,10,The problem is infeasible. (HiGHS Status 8: model_status is Infeasible; primal_status is Infeasible),,,,,,,,,,,,,,,,,,,,,,,,,,,,,,,,,,,,,,,,-0.9114106298686012,0.0
infeasible,legacy_all_negative,sparse,250,375,0.1,0.100192,125,0,8740278424761447867,10205077617123184068,2,infeasible,2,infeasible,0.001440207997802645,0.0001327499994658865,6.41250007902272e-05,0.01192145900131436,0.012118334001570474,0.9997653333333333,0,31,The problem is infeasible. (HiGHS Status 8: model_status is Infeasible; primal_status is Infeasible),,,,,,,,,,,,,,,,,,,,,,,,,,,,,,,,,,,,,,,,-0.47420382783726467,0.0
infeasible,legacy_all_negative,orthogonal,250,375,0.1,0.100192,125,0,8740278424761447867,12906928872237696682,2,infeasible,2,infeasible,0.001440207997802645,0.0009234999961336143,7.237499812617898e-05,0.012142542000219692,0.013138416994479485,1.0,0,26,The problem is infeasible. (HiGHS Status 8: model_status is Infeasible; primal_status is Infeasible),,,,,,,,,,,,,,,,,,,,,,,,,,,,,,,,,,,,,,,,-0.47420382783726467,0.0
infeasible,legacy_all_negative,sparse,250,375,0.1,0.102112,125,1,12449506968398526696,11854193884816282458,2,infeasible,2,infeasible,0.0014743329957127571,0.00013537499762605876,6.937499711057171e-05,0.012246417005371768,0.012451167000108398,0.9998293333333333,0,32,The problem is infeasible. (HiGHS Status 8: model_status is Infeasible; primal_status is Infeasible),,,,,,,,,,,,,,,,,,,,,,,,,,,,,,,,,,,,,,,,-0.1482711576148742,0.0
infeasible,legacy_all_negative,orthogonal,250,375,0.1,0.102112,125,1,12449506968398526696,10289260461656791047,2,infeasible,2,infeasible,0.0014743329957127571,0.0009222090011462569,7.966600242070854e-05,0.01237987499916926,0.013381750002736226,1.0,0,26,The problem is infeasible. (HiGHS Status 8: model_status is Infeasible; primal_status is Infeasible),,,,,,,,,,,,,,,,,,,,,,,,,,,,,,,,,,,,,,,,-0.1482711576148742,0.0
infeasible,legacy_all_negative,sparse,250,375,0.1,0.09957333333333333,125,2,17629931530133458784,6924370604078272589,2,infeasible,2,infeasible,0.00160087500262307,0.00013624999701278284,8.016699575819075e-05,0.014691582997329533,0.014907999990100507,0.999872,0,37,The problem is infeasible. (HiGHS Status 8: model_status is Infeasible; primal_status is Infeasible),,,,,,,,,,,,,,,,,,,,,,,,,,,,,,,,,,,,,,,,-0.9465080682297177,0.0
infeasible,legacy_all_negative,orthogonal,250,375,0.1,0.09957333333333333,125,2,17629931530133458784,6397333924162665496,2,infeasible,2,infeasible,0.00160087500262307,0.0009570409965817817,7.34169952920638e-05,0.013584041997091845,0.01461449998896569,1.0,0,34,The problem is infeasible. (HiGHS Status 8: model_status is Infeasible; primal_status is Infeasible),,,,,,,,,,,,,,,,,,,,,,,,,,,,,,,,,,,,,,,,-0.9465080682297177,0.0
infeasible,legacy_all_negative,sparse,250,375,0.1,0.099456,125,3,12030775026877189540,3356643791499429781,2,infeasible,2,infeasible,0.001614540997252334,0.00012641700595850125,7.049999840091914e-05,0.012079375002940651,0.012276292007300071,0.9997866666666667,0,41,The problem is infeasible. (HiGHS Status 8: model_status is Infeasible; primal_status is Infeasible),,,,,,,,,,,,,,,,,,,,,,,,,,,,,,,,,,,,,,,,-0.24030821735130048,0.0
infeasible,legacy_all_negative,orthogonal,250,375,0.1,0.099456,125,3,12030775026877189540,667200222269115654,2,infeasible,2,infeasible,0.001614540997252334,0.000982292003754992,7.55420041969046e-05,0.01279512499604607,0.013852959003997967,1.0,0,37,The problem is infeasible. (HiGHS Status 8: model_status is Infeasible; primal_status is Infeasible),,,,,,,,,,,,,,,,,,,,,,,,,,,,,,,,,,,,,,,,-0.24030821735130048,0.0
infeasible,legacy_all_negative,sparse,250,375,0.1,0.09860266666666667,125,4,8358717421517306860,1529808212044315731,2,infeasible,2,infeasible,0.0015962079996825196,0.00013624999701278284,7.033400470390916e-05,0.012447458997485228,0.01265404299920192,0.999744,0,41,The problem is infeasible. (HiGHS Status 8: model_status is Infeasible; primal_status is Infeasible),,,,,,,,,,,,,,,,,,,,,,,,,,,,,,,,,,,,,,,,-0.41819469136260434,0.0
infeasible,legacy_all_negative,orthogonal,250,375,0.1,0.09860266666666667,125,4,8358717421517306860,5492768110786424229,2,infeasible,2,infeasible,0.0015962079996825196,0.0009406669996678829,6.541699985973537e-05,0.012310749996686354,0.013316833996213973,1.0,0,31,The problem is infeasible. (HiGHS Status 8: model_status is Infeasible; primal_status is Infeasible),,,,,,,,,,,,,,,,,,,,,,,,,,,,,,,,,,,,,,,,-0.41819469136260434,0.0
infeasible,legacy_all_negative,sparse,250,375,0.1,0.10005333333333333,125,5,10798970089664609373,9304145282629023575,2,infeasible,2,infeasible,0.001524125000287313,0.00013775000115856528,7.195900252554566e-05,0.011968790997343604,0.012178500001027714,0.999808,0,29,The problem is infeasible. (HiGHS Status 8: model_status is Infeasible; primal_status is Infeasible),,,,,,,,,,,,,,,,,,,,,,,,,,,,,,,,,,,,,,,,-0.6593452213321014,0.0
infeasible,legacy_all_negative,orthogonal,250,375,0.1,0.10005333333333333,125,5,10798970089664609373,440503669967713185,2,infeasible,2,infeasible,0.001524125000287313,0.0009653340021031909,7.245800225064158e-05,0.012080665997928008,0.013118458002281841,1.0,0,34,The problem is infeasible. (HiGHS Status 8: model_status is Infeasible; primal_status is Infeasible),,,,,,,,,,,,,,,,,,,,,,,,,,,,,,,,,,,,,,,,-0.6593452213321014,0.0
infeasible,legacy_all_negative,sparse,250,375,0.1,0.09733333333333333,125,6,8914639647362508334,4811888630477441638,2,infeasible,2,infeasible,0.0014754590010852553,0.0001252919973921962,6.820799899287522e-05,0.012071832999936305,0.012265332996321376,0.9996586666666667,0,36,The problem is infeasible. (HiGHS Status 8: model_status is Infeasible; primal_status is Infeasible),,,,,,,,,,,,,,,,,,,,,,,,,,,,,,,,,,,,,,,,-0.6419068905439933,0.0
infeasible,legacy_all_negative,orthogonal,250,375,0.1,0.09733333333333333,125,6,8914639647362508334,10535593667175936605,2,infeasible,2,infeasible,0.0014754590010852553,0.0009720419984660111,7.195800571935251e-05,0.011761875000956934,0.012805875005142298,1.0,0,31,The problem is infeasible. (HiGHS Status 8: model_status is Infeasible; primal_status is Infeasible),,,,,,,,,,,,,,,,,,,,,,,,,,,,,,,,,,,,,,,,-0.6419068905439933,0.0
infeasible,legacy_all_negative,sparse,250,375,0.1,0.100864,125,7,11121620990530200381,13108384838888280871,2,infeasible,2,infeasible,0.0015086660059751011,0.00012387499737087637,6.658300117123872e-05,0.011481875000754371,0.011672332999296486,0.999744,0,26,The problem is infeasible. (HiGHS Status 8: model_status is Infeasible; primal_status is Infeasible),,,,,,,,,,,,,,,,,,,,,,,,,,,,,,,,,,,,,,,,-0.9017109886206237,0.0
infeasible,legacy_all_negative,orthogonal,250,375,0.1,0.100864,125,7,11121620990530200381,4163448282845566084,2,infeasible,2,infeasible,0.0015086660059751011,0.000977875002718065,7.079200440784916e-05,0.011950375002925284,0.012999042010051198,1.0,0,35,The problem is infeasible. (HiGHS Status 8: model_status is Infeasible; primal_status is Infeasible),,,,,,,,,,,,,,,,,,,,,,,,,,,,,,,,,,,,,,,,-0.9017109886206237,0.0
infeasible,legacy_all_negative,sparse,250,375,0.1,0.100896,125,8,14682000190607497151,13144313875532420748,2,infeasible,2,infeasible,0.0016400840031565167,0.00012629199773073196,7.037499744910747e-05,0.0117784579997533,0.01197512499493314,0.9998933333333333,0,26,The problem is infeasible. (HiGHS Status 8: model_status is Infeasible; primal_status is Infeasible),,,,,,,,,,,,,,,,,,,,,,,,,,,,,,,,,,,,,,,,-0.22827517000563446,0.0
infeasible,legacy_all_negative,orthogonal,250,375,0.1,0.100896,125,8,14682000190607497151,13469900377460615603,2,infeasible,2,infeasible,0.0016400840031565167,0.0009480000007897615,6.604199734283611e-05,0.01222504200268304,0.013239084000815637,1.0,0,37,The problem is infeasible. (HiGHS Status 8: model_status is Infeasible; primal_status is Infeasible),,,,,,,,,,,,,,,,,,,,,,,,,,,,,,,,,,,,,,,,-0.22827517000563446,0.0
infeasible,legacy_all_negative,sparse,250,375,0.1,0.10036266666666667,125,9,6517722530629327404,8303066310837350167,2,infeasible,2,infeasible,0.001669125005719252,0.0001465419991291128,7.03330006217584e-05,0.011898750002728775,0.012115625002479646,0.9997866666666667,0,32,The problem is infeasible. (HiGHS Status 8: model_status is Infeasible; primal_status is Infeasible),,,,,,,,,,,,,,,,,,,,,,,,,,,,,,,,,,,,,,,,-0.2073817620867422,0.0
infeasible,legacy_all_negative,orthogonal,250,375,0.1,0.10036266666666667,125,9,6517722530629327404,2719168680313004876,2,infeasible,2,infeasible,0.001669125005719252,0.0009688339996500872,6.916699931025505e-05,0.011992457999440376,0.013030458998400718,1.0,0,33,The problem is infeasible. (HiGHS Status 8: model_status is Infeasible; primal_status is Infeasible),,,,,,,,,,,,,,,,,,,,,,,,,,,,,,,,,,,,,,,,-0.2073817620867422,0.0
infeasible,legacy_all_negative,sparse,250,375,0.5,0.49938133333333334,125,0,6879084135884611644,8527092328167944303,2,infeasible,2,infeasible,0.004797708003025036,0.00013179199595469981,7.083299715304747e-05,0.0116590420002467,0.011861666993354447,1.0,0,14,The problem is infeasible. (HiGHS Status 8: model_status is Infeasible; primal_status is Infeasible),,,,,,,,,,,,,,,,,,,,,,,,,,,,,,,,,,,,,,,,-0.4861247524758048,0.0
infeasible,legacy_all_negative,orthogonal,250,375,0.5,0.49938133333333334,125,0,6879084135884611644,5789348709251119858,2,infeasible,2,infeasible,0.004797708003025036,0.0009440840003662743,7.079199713189155e-05,0.011472749996755738,0.012487625994253904,1.0,0,7,The problem is infeasible. (HiGHS Status 8: model_status is Infeasible; primal_status is Infeasible),,,,,,,,,,,,,,,,,,,,,,,,,,,,,,,,,,,,,,,,-0.4861247524758048,0.0
infeasible,legacy_all_negative,sparse,250,375,0.5,0.5013973333333334,125,1,12581122899849626367,15528582318677915025,2,infeasible,2,infeasible,0.004576500003167894,0.0001478749982197769,7.479199848603457e-05,0.011567000001377892,0.011789666998083703,1.0,0,13,The problem is infeasible. (HiGHS Status 8: model_status is Infeasible; primal_status is Infeasible),,,,,,,,,,,,,,,,,,,,,,,,,,,,,,,,,,,,,,,,-0.08028007700319795,0.0
infeasible,legacy_all_negative,orthogonal,250,375,0.5,0.5013973333333334,125,1,12581122899849626367,9277074891297810217,2,infeasible,2,infeasible,0.004576500003167894,0.0009404590018675663,6.137499440228567e-05,0.014268291000917088,0.01527012499718694,1.0,0,24,The problem is infeasible. (HiGHS Status 8: model_status is Infeasible; primal_status is None),,,,,,,,,,,,,,,,,,,,,,,,,,,,,,,,,,,,,,,,-0.08028007700319795,0.0
infeasible,legacy_all_negative,sparse,250,375,0.5,0.5019733333333334,125,2,10786393724297244331,3392789417498779955,2,infeasible,2,infeasible,0.004746457998408005,0.0001372499973513186,6.991600093897432e-05,0.011633834001258947,0.01184099999954924,1.0,0,16,The problem is infeasible. (HiGHS Status 8: model_status is Infeasible; primal_status is Infeasible),,,,,,,,,,,,,,,,,,,,,,,,,,,,,,,,,,,,,,,,-0.40929532305736605,0.0
infeasible,legacy_all_negative,orthogonal,250,375,0.5,0.5019733333333334,125,2,10786393724297244331,13711709425137161792,2,infeasible,2,infeasible,0.004746457998408005,0.0009627500039641745,7.104199903551489e-05,0.01139191599941114,0.012425708002410829,1.0,0,9,The problem is infeasible. (HiGHS Status 8: model_status is Infeasible; primal_status is Infeasible),,,,,,,,,,,,,,,,,,,,,,,,,,,,,,,,,,,,,,,,-0.40929532305736605,0.0
infeasible,legacy_all_negative,sparse,250,375,0.5,0.4997333333333333,125,3,8889619136814496574,57977838086194954,2,infeasible,2,infeasible,0.0045362919991021045,0.00012758400407619774,6.929200026206672e-05,0.011320916994009167,0.011517792998347431,1.0,0,9,The problem is infeasible. (HiGHS Status 8: model_status is Infeasible; primal_status is Infeasible),,,,,,,,,,,,,,,,,,,,,,,,,,,,,,,,,,,,,,,,-0.4544454862580023,0.0
infeasible,legacy_all_negative,orthogonal,250,375,0.5,0.4997333333333333,125,3,8889619136814496574,2970964419520119927,2,infeasible,2,infeasible,0.0045362919991021045,0.0009582080019754358,6.704100087517872e-05,0.011681708994728979,0.012706957997579593,1.0,0,20,The problem is infeasible. (HiGHS Status 8: model_status is Infeasible; primal_status is Infeasible),,,,,,,,,,,,,,,,,,,,,,,,,,,,,,,,,,,,,,,,-0.4544454862580023,0.0
infeasible,legacy_all_negative,sparse,250,375,0.5,0.4991253333333333,125,4,7644545582537875532,15438362454001810824,2,infeasible,2,infeasible,0.00467233299423242,0.00013666700397152454,7.225000445032492e-05,0.011567875000764616,0.011776792009186465,1.0,0,17,The problem is infeasible. (HiGHS Status 8: model_status is Infeasible; primal_status is Infeasible),,,,,,,,,,,,,,,,,,,,,,,,,,,,,,,,,,,,,,,,-0.8983211401626208,0.0
infeasible,legacy_all_negative,orthogonal,250,375,0.5,0.4991253333333333,125,4,7644545582537875532,2643496007815210806,2,infeasible,2,infeasible,0.00467233299423242,0.0009372500062454492,6.191699503688142e-05,0.011548832997505087,0.012547999998787418,1.0,0,16,The problem is infeasible. (HiGHS Status 8: model_status is Infeasible; primal_status is Infeasible),,,,,,,,,,,,,,,,,,,,,,,,,,,,,,,,,,,,,,,,-0.8983211401626208,0.0
infeasible,legacy_all_negative,sparse,250,375,0.5,0.4993066666666667,125,5,15290430928370890464,11936365815138321972,2,infeasible,2,infeasible,0.004432374997122679,0.0001306669946643524,7.158299558795989e-05,0.011646667000604793,0.011848916990857106,1.0,0,11,The problem is infeasible. (HiGHS Status 8: model_status is Infeasible; primal_status is Infeasible),,,,,,,,,,,,,,,,,,,,,,,,,,,,,,,,,,,,,,,,-0.9328756260722406,0.0
infeasible,legacy_all_negative,orthogonal,250,375,0.5,0.4993066666666667,125,5,15290430928370890464,3700508585747131872,2,infeasible,2,infeasible,0.004432374997122679,0.0009617089963285252,6.766599835827947e-05,0.011340916993503924,0.01237029198819073,1.0,0,6,The problem is infeasible. (HiGHS Status 8: model_status is Infeasible; primal_status is Infeasible),,,,,,,,,,,,,,,,,,,,,,,,,,,,,,,,,,,,,,,,-0.9328756260722406,0.0
infeasible,legacy_all_negative,sparse,250,375,0.5,0.499008,125,6,11002049636614763486,3517942448024813058,2,infeasible,2,infeasible,0.004576750005071517,0.00013212500198278576,7.229200127767399e-05,0.011518332998093683,0.011722750001354143,1.0,0,8,The problem is infeasible. (HiGHS Status 8: model_status is Infeasible; primal_status is Infeasible),,,,,,,,,,,,,,,,,,,,,,,,,,,,,,,,,,,,,,,,-0.08487024251629938,0.0
infeasible,legacy_all_negative,orthogonal,250,375,0.5,0.499008,125,6,11002049636614763486,16869666526751387808,2,infeasible,2,infeasible,0.004576750005071517,0.0009542499974486418,6.500000017695129e-05,0.01123833299789112,0.012257582995516714,1.0,0,15,The problem is infeasible. (HiGHS Status 8: model_status is Infeasible; primal_status is Infeasible),,,,,,,,,,,,,,,,,,,,,,,,,,,,,,,,,,,,,,,,-0.08487024251629938,0.0
infeasible,legacy_all_negative,sparse,250,375,0.5,0.5016,125,7,11922804049723292896,12687356406060998669,2,infeasible,2,infeasible,0.004547292002825998,0.0001267080006073229,6.954199488973245e-05,0.011095708003267646,0.011291957998764701,1.0,0,15,The problem is infeasible. (HiGHS Status 8: model_status is Infeasible; primal_status is Infeasible),,,,,,,,,,,,,,,,,,,,,,,,,,,,,,,,,,,,,,,,-0.4287454305169557,0.0
infeasible,legacy_all_negative,orthogonal,250,375,0.5,0.5016,125,7,11922804049723292896,9495716684435176375,2,infeasible,2,infeasible,0.004547292002825998,0.0009378329996252432,6.154100265121087e-05,0.01145837499643676,0.012457748998713214,1.0,0,11,The problem is infeasible. (HiGHS Status 8: model_status is Infeasible; primal_status is Infeasible),,,,,,,,,,,,,,,,,,,,,,,,,,,,,,,,,,,,,,,,-0.4287454305169557,0.0
infeasible,legacy_all_negative,sparse,250,375,0.5,0.5011946666666667,125,8,9581757088203231736,681473997196361369,2,infeasible,2,infeasible,0.004523750001681037,0.00012816600064979866,7.129099685698748e-05,0.004087875000550412,0.004287331998057198,1.0,0,0,The problem is infeasible. (HiGHS Status 8: model_status is Infeasible; primal_status is None),,,,,,,,,,,,,,,,,,,,,,,,,,,,,,,,,,,,,,,,-0.4307895172239872,0.0
infeasible,legacy_all_negative,orthogonal,250,375,0.5,0.5011946666666667,125,8,9581757088203231736,7407609352005292249,2,infeasible,2,infeasible,0.004523750001681037,0.0009454169994569384,6.349999603116885e-05,0.011585667001781985,0.012594583997270092,1.0,0,17,The problem is infeasible. (HiGHS Status 8: model_status is Infeasible; primal_status is Infeasible),,,,,,,,,,,,,,,,,,,,,,,,,,,,,,,,,,,,,,,,-0.4307895172239872,0.0
infeasible,legacy_all_negative,sparse,250,375,0.5,0.5019733333333334,125,9,11295398873323010460,1873800143951888957,2,infeasible,2,infeasible,0.004690125002525747,0.00013612500333692878,7.062500662868842e-05,0.011594415998843033,0.01180116600880865,1.0,0,17,The problem is infeasible. (HiGHS Status 8: model_status is Infeasible; primal_status is Infeasible),,,,,,,,,,,,,,,,,,,,,,,,,,,,,,,,,,,,,,,,-0.6698590573732733,0.0
infeasible,legacy_all_negative,orthogonal,250,375,0.5,0.5019733333333334,125,9,11295398873323010460,16821370416591603454,2,infeasible,2,infeasible,0.004690125002525747,0.0009390000050188974,7.691600330872461e-05,0.004031042000860907,0.005046958009188529,1.0,0,0,The problem is infeasible. (HiGHS Status 8: model_status is Infeasible; primal_status is None),,,,,,,,,,,,,,,,,,,,,,,,,,,,,,,,,,,,,,,,-0.6698590573732733,0.0
infeasible,legacy_all_negative,sparse,500,750,0.1,0.09944,250,0,8487746119937109946,9006134899764830899,2,infeasible,2,infeasible,0.004357042002084199,0.0005330419953679666,0.0004767499995068647,0.06689729199570138,0.06790708399057621,1.0,0,53,The problem is infeasible. (HiGHS Status 8: model_status is Infeasible; primal_status is Infeasible),,,,,,,,,,,,,,,,,,,,,,,,,,,,,,,,,,,,,,,,-0.05671064666980041,0.0
infeasible,legacy_all_negative,orthogonal,500,750,0.1,0.09944,250,0,8487746119937109946,15868156907456579750,2,infeasible,2,infeasible,0.004357042002084199,0.0028523749933810905,0.0004344159970059991,0.06589466700097546,0.06918145799136255,1.0,0,38,The problem is infeasible. (HiGHS Status 8: model_status is Infeasible; primal_status is Infeasible),,,,,,,,,,,,,,,,,,,,,,,,,,,,,,,,,,,,,,,,-0.05671064666980041,0.0
infeasible,legacy_all_negative,sparse,500,750,0.1,0.09977866666666667,250,1,7618451552737801919,3322523900679143508,2,infeasible,2,infeasible,0.004540624999208376,0.0004927920017507859,0.0004389590030768886,0.06622212500224123,0.0671538760070689,1.0,0,46,The problem is infeasible. (HiGHS Status 8: model_status is Infeasible; primal_status is Infeasible),,,,,,,,,,,,,,,,,,,,,,,,,,,,,,,,,,,,,,,,-0.9995479493931144,0.0
infeasible,legacy_all_negative,orthogonal,500,750,0.1,0.09977866666666667,250,1,7618451552737801919,2190639032378609159,2,infeasible,2,infeasible,0.004540624999208376,0.002864165995561052,0.0004309999931138009,0.06562104199838359,0.06891620798705844,1.0,0,48,The problem is infeasible. (HiGHS Status 8: model_status is Infeasible; primal_status is Infeasible),,,,,,,,,,,,,,,,,,,,,,,,,,,,,,,,,,,,,,,,-0.9995479493931144,0.0
infeasible,legacy_all_negative,sparse,500,750,0.1,0.09974666666666666,250,2,16675909410630410876,2528235499708234778,2,infeasible,2,infeasible,0.004611584001395386,0.0005090409977128729,0.00042183299956377596,0.06609787500201492,0.06702874899929157,1.0,0,44,The problem is infeasible. (HiGHS Status 8: model_status is Infeasible; primal_status is Infeasible),,,,,,,,,,,,,,,,,,,,,,,,,,,,,,,,,,,,,,,,-0.8855607655183442,0.0
infeasible,legacy_all_negative,orthogonal,500,750,0.1,0.09974666666666666,250,2,16675909410630410876,12581080766472277212,2,infeasible,2,infeasible,0.004611584001395386,0.002876167003705632,0.0004343330001574941,0.06592983399605146,0.06924033399991458,1.0,0,39,The problem is infeasible. (HiGHS Status 8: model_status is Infeasible; primal_status is Infeasible),,,,,,,,,,,,,,,,,,,,,,,,,,,,,,,,,,,,,,,,-0.8855607655183442,0.0
infeasible,legacy_all_negative,sparse,500,750,0.1,0.09948266666666666,250,3,3238723412564202595,17230460210117538193,2,infeasible,2,infeasible,0.004578332998789847,0.0005116250031278469,0.00043737499800045043,0.06573895900510252,0.06668795900623081,1.0,0,36,The problem is infeasible. (HiGHS Status 8: model_status is Infeasible; primal_status is Infeasible),,,,,,,,,,,,,,,,,,,,,,,,,,,,,,,,,,,,,,,,-0.4732590899868975,0.0
infeasible,legacy_all_negative,orthogonal,500,750,0.1,0.09948266666666666,250,3,3238723412564202595,7652510910271768017,2,infeasible,2,infeasible,0.004578332998789847,0.00290895900252508,0.00044533400068758056,0.06698016700102016,0.07033446000423282,1.0,0,47,The problem is infeasible. (HiGHS Status 8: model_status is Infeasible; primal_status is Infeasible),,,,,,,,,,,,,,,,,,,,,,,,,,,,,,,,,,,,,,,,-0.4732590899868975,0.0
infeasible,legacy_all_negative,sparse,500,750,0.1,0.099904,250,4,14505193566684955799,13691822038869280655,2,infeasible,2,infeasible,0.004749708001327235,0.0004899170016869903,0.00043812500371132046,0.06484120799723314,0.06576925000263145,1.0,0,41,The problem is infeasible. (HiGHS Status 8: model_status is Infeasible; primal_status is Infeasible),,,,,,,,,,,,,,,,,,,,,,,,,,,,,,,,,,,,,,,,-0.42829425805248944,0.0
infeasible,legacy_all_negative,orthogonal,500,750,0.1,0.099904,250,4,14505193566684955799,4049678152828878749,2,infeasible,2,infeasible,0.004749708001327235,0.0028689169994322583,0.00044470799912232906,0.06584966700029327,0.06916329199884785,1.0,0,35,The problem is infeasible. (HiGHS Status 8: model_status is Infeasible; primal_status is Infeasible),,,,,,,,,,,,,,,,,,,,,,,,,,,,,,,,,,,,,,,,-0.42829425805248944,0.0
infeasible,legacy_all_negative,sparse,500,750,0.1,0.09989866666666666,250,5,1786181445660893417,13549169808355873415,2,infeasible,2,infeasible,0.004511041996011045,0.0004952089948346838,0.00041362499905517325,0.06675483399885707,0.06766366799274692,1.0,0,53,The problem is infeasible. (HiGHS Status 8: model_status is Infeasible; primal_status is Infeasible),,,,,,,,,,,,,,,,,,,,,,,,,,,,,,,,,,,,,,,,-0.5143636728150571,0.0
infeasible,legacy_all_negative,orthogonal,500,750,0.1,0.09989866666666666,250,5,1786181445660893417,9964686787232972138,2,infeasible,2,infeasible,0.004511041996011045,0.002910374998464249,0.00044662499567493796,0.06475029199646087,0.06810729199060006,1.0,0,36,The problem is infeasible. (HiGHS Status 8: model_status is Infeasible; primal_status is Infeasible),,,,,,,,,,,,,,,,,,,,,,,,,,,,,,,,,,,,,,,,-0.5143636728150571,0.0
infeasible,legacy_all_negative,sparse,500,750,0.1,0.099664,250,6,7107525759851627365,5574501920155444359,2,infeasible,2,infeasible,0.004342082997027319,0.0005232089970377274,0.00041762500040931627,0.06755170899850782,0.06849254299595486,1.0,0,53,The problem is infeasible. (HiGHS Status 8: model_status is Infeasible; primal_status is Infeasible),,,,,,,,,,,,,,,,,,,,,,,,,,,,,,,,,,,,,,,,-0.6852493753999755,0.0
infeasible,legacy_all_negative,orthogonal,500,750,0.1,0.099664,250,6,7107525759851627365,16302082828253539904,2,infeasible,2,infeasible,0.004342082997027319,0.002884291003283579,0.0004302079978515394,0.06608679200144252,0.06940129100257764,1.0,0,45,The problem is infeasible. (HiGHS Status 8: model_status is Infeasible; primal_status is Infeasible),,,,,,,,,,,,,,,,,,,,,,,,,,,,,,,,,,,,,,,,-0.6852493753999755,0.0
infeasible,legacy_all_negative,sparse,500,750,0.1,0.09995733333333333,250,7,3445084544809264140,17494541455122817453,2,infeasible,2,infeasible,0.004344625005614944,0.00047816699952818453,0.000414166999689769,0.06667445800121641,0.06756679200043436,1.0,0,50,The problem is infeasible. (HiGHS Status 8: model_status is Infeasible; primal_status is Infeasible),,,,,,,,,,,,,,,,,,,,,,,,,,,,,,,,,,,,,,,,-0.041534698933450964,0.0
infeasible,legacy_all_negative,orthogonal,500,750,0.1,0.09995733333333333,250,7,3445084544809264140,11169733397947313149,2,infeasible,2,infeasible,0.004344625005614944,0.0029204169986769557,0.00043208299757679924,0.06647691700345604,0.06982941699970979,1.0,0,46,The problem is infeasible. (HiGHS Status 8: model_status is Infeasible; primal_status is Infeasible),,,,,,,,,,,,,,,,,,,,,,,,,,,,,,,,,,,,,,,,-0.041534698933450964,0.0
infeasible,legacy_all_negative,sparse,500,750,0.1,0.10001866666666667,250,8,422504705653304792,2600394549723165399,2,infeasible,2,infeasible,0.004653291995055042,0.000508624994836282,0.0004216250017634593,0.06623287499678554,0.06716312499338528,1.0,0,53,The problem is infeasible. (HiGHS Status 8: model_status is Infeasible; primal_status is Infeasible),,,,,,,,,,,,,,,,,,,,,,,,,,,,,,,,,,,,,,,,-0.7345721019482176,0.0
infeasible,legacy_all_negative,orthogonal,500,750,0.1,0.10001866666666667,250,8,422504705653304792,14444780843293329236,2,infeasible,2,infeasible,0.004653291995055042,0.00285716700454941,0.00045279200276127085,0.06649737499537878,0.06980733400268946,1.0,0,42,The problem is infeasible. (HiGHS Status 8: model_status is Infeasible; primal_status is Infeasible),,,,,,,,,,,,,,,,,,,,,,,,,,,,,,,,,,,,,,,,-0.7345721019482176,0.0
infeasible,legacy_all_negative,sparse,500,750,0.1,0.10066666666666667,250,9,10030085707890175839,11833331006441107105,2,infeasible,2,infeasible,0.00443812499725027,0.0004784159973496571,0.00043391699728090316,0.06754029199510114,0.0684526249897317,1.0,0,65,The problem is infeasible. (HiGHS Status 8: model_status is Infeasible; primal_status is Infeasible),,,,,,,,,,,,,,,,,,,,,,,,,,,,,,,,,,,,,,,,-0.3681613412620729,0.0
infeasible,legacy_all_negative,orthogonal,500,750,0.1,0.10066666666666667,250,9,10030085707890175839,8251362461629425692,2,infeasible,2,infeasible,0.00443812499725027,0.002961541998956818,0.0004948749992763624,0.06561454199982109,0.06907095899805427,1.0,0,40,The problem is infeasible. (HiGHS Status 8: model_status is Infeasible; primal_status is Infeasible),,,,,,,,,,,,,,,,,,,,,,,,,,,,,,,,,,,,,,,,-0.3681613412620729,0.0
infeasible,legacy_all_negative,sparse,500,750,0.5,0.499352,250,0,8320242107522789768,6627349709234752451,2,infeasible,2,infeasible,0.018592375003208872,0.0005131670041009784,0.0004237909961375408,0.06672995800181525,0.06766691600205377,1.0,0,17,The problem is infeasible. (HiGHS Status 8: model_status is Infeasible; primal_status is Infeasible),,,,,,,,,,,,,,,,,,,,,,,,,,,,,,,,,,,,,,,,-0.8113356923319229,0.0
infeasible,legacy_all_negative,orthogonal,500,750,0.5,0.499352,250,0,8320242107522789768,5285895980812524342,2,infeasible,2,infeasible,0.018592375003208872,0.002945458996691741,0.00045720900379819795,0.02944829199986998,0.03285096000035992,1.0,0,0,The problem is infeasible. (HiGHS Status 8: model_status is Infeasible; primal_status is None),,,,,,,,,,,,,,,,,,,,,,,,,,,,,,,,,,,,,,,,-0.8113356923319229,0.0
infeasible,legacy_all_negative,sparse,500,750,0.5,0.499592,250,1,14188936431834777484,8593859108918933492,2,infeasible,2,infeasible,0.018770166003378108,0.00049412500084145,0.0004575420025503263,0.06393941699934658,0.06489108400273835,1.0,0,6,The problem is infeasible. (HiGHS Status 8: model_status is Infeasible; primal_status is Infeasible),,,,,,,,,,,,,,,,,,,,,,,,,,,,,,,,,,,,,,,,-0.18717267710692975,0.0
infeasible,legacy_all_negative,orthogonal,500,750,0.5,0.499592,250,1,14188936431834777484,10637248882056172125,2,infeasible,2,infeasible,0.018770166003378108,0.002937249999376945,0.00043312499474268407,0.0658296249966952,0.06919999999081483,1.0,0,14,The problem is infeasible. (HiGHS Status 8: model_status is Infeasible; primal_status is Infeasible),,,,,,,,,,,,,,,,,,,,,,,,,,,,,,,,,,,,,,,,-0.18717267710692975,0.0
infeasible,legacy_all_negative,sparse,500,750,0.5,0.5012133333333333,250,2,6309243134467872415,3826669046501913309,2,infeasible,2,infeasible,0.018521250000048894,0.0004988750006305054,0.0004252500002621673,0.06514670800243039,0.06607083300332306,1.0,0,15,The problem is infeasible. (HiGHS Status 8: model_status is Infeasible; primal_status is Infeasible),,,,,,,,,,,,,,,,,,,,,,,,,,,,,,,,,,,,,,,,-0.9546311203737858,0.0
infeasible,legacy_all_negative,orthogonal,500,750,0.5,0.5012133333333333,250,2,6309243134467872415,311193689461255995,2,infeasible,2,infeasible,0.018521250000048894,0.0029016249973210506,0.00045970900100655854,0.0653172079983051,0.0686785419966327,1.0,0,16,The problem is infeasible. (HiGHS Status 8: model_status is Infeasible; primal_status is Infeasible),,,,,,,,,,,,,,,,,,,,,,,,,,,,,,,,,,,,,,,,-0.9546311203737858,0.0
infeasible,legacy_all_negative,sparse,500,750,0.5,0.4997973333333333,250,3,2996666969873205136,6273545076915968624,2,infeasible,2,infeasible,0.01845912499993574,0.0005155000035301782,0.00044916700426256284,0.06418366699654143,0.06514833400433417,1.0,0,20,The problem is infeasible. (HiGHS Status 8: model_status is Infeasible; primal_status is Infeasible),,,,,,,,,,,,,,,,,,,,,,,,,,,,,,,,,,,,,,,,-0.7013078486546764,0.0
infeasible,legacy_all_negative,orthogonal,500,750,0.5,0.4997973333333333,250,3,2996666969873205136,965064199010824288,2,infeasible,2,infeasible,0.01845912499993574,0.002937333003501408,0.0004847089949180372,0.06429333399864845,0.0677153759970679,1.0,0,17,The problem is infeasible. (HiGHS Status 8: model_status is Infeasible; primal_status is Infeasible),,,,,,,,,,,,,,,,,,,,,,,,,,,,,,,,,,,,,,,,-0.7013078486546764,0.0
infeasible,legacy_all_negative,sparse,500,750,0.5,0.5007706666666667,250,4,1569220587414261297,9269687782077758980,2,infeasible,2,infeasible,0.018488958005036693,0.0004742919991258532,0.0004236669992678799,0.06532324999716366,0.06622120899555739,1.0,0,21,The problem is infeasible. (HiGHS Status 8: model_status is Infeasible; primal_status is Infeasible),,,,,,,,,,,,,,,,,,,,,,,,,,,,,,,,,,,,,,,,-0.5411403311021509,0.0
infeasible,legacy_all_negative,orthogonal,500,750,0.5,0.5007706666666667,250,4,1569220587414261297,1677080408596246945,2,infeasible,2,infeasible,0.018488958005036693,0.0029228339990368113,0.0004410420006024651,0.06450787500216393,0.0678717510018032,1.0,0,14,The problem is infeasible. (HiGHS Status 8: model_status is Infeasible; primal_status is Infeasible),,,,,,,,,,,,,,,,,,,,,,,,,,,,,,,,,,,,,,,,-0.5411403311021509,0.0
infeasible,legacy_all_negative,sparse,500,750,0.5,0.499584,250,5,2018967525631900971,18386830390263163593,2,infeasible,2,infeasible,0.01853174999996554,0.0005030000029364601,0.00042770899744937196,0.06509358300536405,0.06602429200574988,1.0,0,21,The problem is infeasible. (HiGHS Status 8: model_status is Infeasible; primal_status is Infeasible),,,,,,,,,,,,,,,,,,,,,,,,,,,,,,,,,,,,,,,,-0.9084214814579105,0.0
infeasible,legacy_all_negative,orthogonal,500,750,0.5,0.499584,250,5,2018967525631900971,6517796996753538674,2,infeasible,2,infeasible,0.01853174999996554,0.0029232919987407513,0.00045391699677566066,0.06481949999579228,0.0681967089913087,1.0,0,16,The problem is infeasible. (HiGHS Status 8: model_status is Infeasible; primal_status is Infeasible),,,,,,,,,,,,,,,,,,,,,,,,,,,,,,,,,,,,,,,,-0.9084214814579105,0.0
infeasible,legacy_all_negative,sparse,500,750,0.5,0.4990293333333333,250,6,15440659223183801393,1447464419170502225,2,infeasible,2,infeasible,0.01883287500095321,0.0005406249983934686,0.0005175000042072497,0.06514645800052676,0.06620458300312748,1.0,0,17,The problem is infeasible. (HiGHS Status 8: model_status is Infeasible; primal_status is Infeasible),,,,,,,,,,,,,,,,,,,,,,,,,,,,,,,,,,,,,,,,-0.9365457904032679,0.0
infeasible,legacy_all_negative,orthogonal,500,750,0.5,0.4990293333333333,250,6,15440659223183801393,16172109379120008646,2,infeasible,2,infeasible,0.01883287500095321,0.002947749999293592,0.0004996669958927669,0.06508904200018151,0.06853645899536787,1.0,0,22,The problem is infeasible. (HiGHS Status 8: model_status is Infeasible; primal_status is Infeasible),,,,,,,,,,,,,,,,,,,,,,,,,,,,,,,,,,,,,,,,-0.9365457904032679,0.0
infeasible,legacy_all_negative,sparse,500,750,0.5,0.499488,250,7,17498436026737611829,10153169139144062303,2,infeasible,2,infeasible,0.01880858399817953,0.000524290997418575,0.0004563749971566722,0.06321341599687003,0.06419408199144527,1.0,0,11,The problem is infeasible. (HiGHS Status 8: model_status is Infeasible; primal_status is Infeasible),,,,,,,,,,,,,,,,,,,,,,,,,,,,,,,,,,,,,,,,-0.1931196376354184,0.0
infeasible,legacy_all_negative,orthogonal,500,750,0.5,0.499488,250,7,17498436026737611829,10119247343231145237,2,infeasible,2,infeasible,0.01880858399817953,0.002927082998212427,0.0004273329977877438,0.06405820900545223,0.0674126250014524,1.0,0,7,The problem is infeasible. (HiGHS Status 8: model_status is Infeasible; primal_status is Infeasible),,,,,,,,,,,,,,,,,,,,,,,,,,,,,,,,,,,,,,,,-0.1931196376354184,0.0
infeasible,legacy_all_negative,sparse,500,750,0.5,0.5004053333333334,250,8,15283512764408562915,8644027873812318396,2,infeasible,2,infeasible,0.018456249999871943,0.0005131669968250208,0.0004414159993757494,0.0648144169972511,0.06576899999345187,1.0,0,20,The problem is infeasible. (HiGHS Status 8: model_status is Infeasible; primal_status is Infeasible),,,,,,,,,,,,,,,,,,,,,,,,,,,,,,,,,,,,,,,,-0.4288252909434239,0.0
infeasible,legacy_all_negative,orthogonal,500,750,0.5,0.5004053333333334,250,8,15283512764408562915,15507916616575857751,2,infeasible,2,infeasible,0.018456249999871943,0.0029638329942827113,0.0004441659984877333,0.06541029200161574,0.06881829099438619,1.0,0,16,The problem is infeasible. (HiGHS Status 8: model_status is Infeasible; primal_status is Infeasible),,,,,,,,,,,,,,,,,,,,,,,,,,,,,,,,,,,,,,,,-0.4288252909434239,0.0
infeasible,legacy_all_negative,sparse,500,750,0.5,0.49810133333333334,250,9,3839279274215702467,3205504091057274738,2,infeasible,2,infeasible,0.018865874997572973,0.0004962500024703331,0.0004231670027365908,0.0640199159970507,0.06493933300225763,1.0,0,18,The problem is infeasible. (HiGHS Status 8: model_status is Infeasible; primal_status is Infeasible),,,,,,,,,,,,,,,,,,,,,,,,,,,,,,,,,,,,,,,,-0.42459166821353556,0.0
infeasible,legacy_all_negative,orthogonal,500,750,0.5,0.49810133333333334,250,9,3839279274215702467,8069139138282531819,2,infeasible,2,infeasible,0.018865874997572973,0.0028793749952455983,0.0004387500011944212,0.06456629100284772,0.06788441599928774,1.0,0,9,The problem is infeasible. (HiGHS Status 8: model_status is Infeasible; primal_status is Infeasible),,,,,,,,,,,,,,,,,,,,,,,,,,,,,,,,,,,,,,,,-0.42459166821353556,0.0
infeasible,mixed_sign_stress,sparse,100,150,0.1,0.1006,50,0,13513051231627312266,838153304273850355,2,infeasible,2,infeasible,0.0008957090030889958,3.35000004270114e-05,2.091700298478827e-05,0.0030175840001902543,0.003072001003602054,0.9753333333333334,0,106,The problem is infeasible. (HiGHS Status 8: model_status is Infeasible; primal_status is Infeasible),,,,,,,,,,,,,,,,,,,,,,,,,,,,,,,,,,,,,,,,-0.6699424357363701,0.0
infeasible,mixed_sign_stress,orthogonal,100,150,0.1,0.1006,50,0,13513051231627312266,2377265537368320480,2,infeasible,0,optimal,0.0008957090030889958,0.00014062500122236088,1.0749994544312358e-05,0.002895124998758547,0.0030464999945252202,1.0,0,101,Optimization terminated successfully. (HiGHS Status 7: Optimal),,,,,,,,0.4022436773307717,0.0,1.195210306784952,0.0,19.745352267464256,,0,7.230605003627488e-12,,,,,,,,,,,,,,,,,,,,,,,,,-0.6699424357363701,0.0
infeasible,mixed_sign_stress,sparse,100,150,0.1,0.1008,50,1,14138242061437590474,1589147684667471885,2,infeasible,2,infeasible,0.0006554160063387826,2.716600283747539e-05,9.62499325396493e-06,0.0032909580040723085,0.003327749000163749,0.9669333333333333,0,127,The problem is infeasible. (HiGHS Status 8: model_status is Infeasible; primal_status is Infeasible),,,,,,,,,,,,,,,,,,,,,,,,,,,,,,,,,,,,,,,,-1.1449135462907831,0.0
infeasible,mixed_sign_stress,orthogonal,100,150,0.1,0.1008,50,1,14138242061437590474,10085837323981007773,2,infeasible,0,optimal,0.0006554160063387826,0.00013133299944456667,8.83299799170345e-06,0.0032763749986770563,0.0034165409961133264,1.0,0,116,Optimization terminated successfully. (HiGHS Status 7: Optimal),,,,,,,,0.4697850169779833,0.0,1.838815060818047,0.0,25.176167928273824,,0,1.176836406102666e-14,,,,,,,,,,,,,,,,,,,,,,,,,-1.1449135462907831,0.0
infeasible,mixed_sign_stress,sparse,100,150,0.1,0.0964,50,2,11779819549495232553,12500531892809692091,2,infeasible,0,optimal,0.0006296669962466694,2.6832996809389442e-05,8.75000114319846e-06,0.002915832999860868,0.0029514159978134558,0.9610666666666666,0,96,Optimization terminated successfully. (HiGHS Status 7: Optimal),,,,,,,,0.5348421807499849,0.0,1.6846406077708773,0.0,18.893092168733123,,0,1.712519015484304e-13,,,,,,,,,,,,,,,,,,,,,,,,,-0.9523240455180347,0.0
infeasible,mixed_sign_stress,orthogonal,100,150,0.1,0.0964,50,2,11779819549495232553,8144221508347469652,2,infeasible,2,infeasible,0.0006296669962466694,0.00014324999938253313,9.082999895326793e-06,0.00304100000357721,0.00319333300285507,1.0,0,104,The problem is infeasible. (HiGHS Status 8: model_status is Infeasible; primal_status is Infeasible),,,,,,,,,,,,,,,,,,,,,,,,,,,,,,,,,,,,,,,,-0.9523240455180347,0.0
infeasible,mixed_sign_stress,sparse,100,150,0.1,0.09806666666666666,50,3,709618827209378088,4844737419347191623,2,infeasible,0,optimal,0.0007213749995571561,2.6375004381407052e-05,1.3874996511731297e-05,0.0028860830061603338,0.002926333007053472,0.9641333333333333,0,93,Optimization terminated successfully. (HiGHS Status 7: Optimal),,,,,,,,0.34244794210861723,0.0,1.0230845559451933,0.0,17.87291612916431,,0,1.9373391779708982e-13,,,,,,,,,,,,,,,,,,,,,,,,,-1.0047132215684875,0.0
infeasible,mixed_sign_stress,orthogonal,100,150,0.1,0.09806666666666666,50,3,709618827209378088,11051667697564549039,2,infeasible,0,optimal,0.0007213749995571561,0.00014170799840940163,7.832997653167695e-06,0.002867374998459127,0.003016915994521696,1.0,0,99,Optimization terminated successfully. (HiGHS Status 7: Optimal),,,,,,,,0.3693485157850087,0.0,1.0652060824687228,0.0,18.842424425370297,,0,2.6556534749033744e-13,,,,,,,,,,,,,,,,,,,,,,,,,-1.0047132215684875,0.0
infeasible,mixed_sign_stress,sparse,100,150,0.1,0.10086666666666666,50,4,1038300912808296403,4212926212719799552,2,infeasible,0,optimal,0.0006220419963938184,2.5207998987752944e-05,8.916998922359198e-06,0.0028249999959371053,0.0028591249938472174,0.9649333333333333,0,92,Optimization terminated successfully. (HiGHS Status 7: Optimal),,,,,,,,0.3849686945880358,0.0,1.3949393940923895,0.0,16.90361548829585,,0,1.4876988529977098e-13,,,,,,,,,,,,,,,,,,,,,,,,,-1.381273516978188,0.0
infeasible,mixed_sign_stress,orthogonal,100,150,0.1,0.10086666666666666,50,4,1038300912808296403,15574687064445624425,2,infeasible,2,infeasible,0.0006220419963938184,0.00014233300316845998,7.250004273373634e-06,0.002989041997352615,0.0031386250047944486,1.0,0,109,The problem is infeasible. (HiGHS Status 8: model_status is Infeasible; primal_status is Infeasible),,,,,,,,,,,,,,,,,,,,,,,,,,,,,,,,,,,,,,,,-1.381273516978188,0.0
infeasible,mixed_sign_stress,sparse,100,150,0.1,0.09673333333333334,50,5,16003863605138374105,11096490030209472747,2,infeasible,0,optimal,0.0006064580011297949,2.5000001187436283e-05,9.458002750761807e-06,0.0027611249970505014,0.0027955830009886995,0.9694666666666667,0,84,Optimization terminated successfully. (HiGHS Status 7: Optimal),,,,,,,,0.3408407999241885,0.0,1.9865724373917746,0.0,16.874857321519045,,0,2.0222712393547226e-13,,,,,,,,,,,,,,,,,,,,,,,,,-1.3858433894116549,0.0
infeasible,mixed_sign_stress,orthogonal,100,150,0.1,0.09673333333333334,50,5,16003863605138374105,15606465844548920975,2,infeasible,0,optimal,0.0006064580011297949,0.00014487499720416963,1.4709003153257072e-05,0.0027460410055937245,0.0029056250059511513,1.0,0,81,Optimization terminated successfully. (HiGHS Status 7: Optimal),,,,,,,,0.4556681864373691,0.0,2.1866048660293,0.0,19.327597306098305,,0,3.378963775446664e-13,,,,,,,,,,,,,,,,,,,,,,,,,-1.3858433894116549,0.0
infeasible,mixed_sign_stress,sparse,100,150,0.1,0.10026666666666667,50,6,7223167735014551216,12578218624632367354,2,infeasible,0,optimal,0.000757791000069119,2.662499900907278e-05,1.1292002454865724e-05,0.0028560000064317137,0.002893917007895652,0.9604,0,97,Optimization terminated successfully. (HiGHS Status 7: Optimal),,,,,,,,0.39343548851894794,0.0,1.7720832870732586,0.0,17.282397736190504,,0,1.2079226507921703e-13,,,,,,,,,,,,,,,,,,,,,,,,,-1.497594257181305,0.0
infeasible,mixed_sign_stress,orthogonal,100,150,0.1,0.10026666666666667,50,6,7223167735014551216,7242264726217453190,2,infeasible,0,optimal,0.000757791000069119,0.00013583300460595638,1.3249999028630555e-05,0.0026725420029833913,0.002821625006617978,1.0,0,82,Optimization terminated successfully. (HiGHS Status 7: Optimal),,,,,,,,0.3633290555342067,0.0,1.5207436867029607,0.0,15.521785914669579,,0,6.94999613415348e-14,,,,,,,,,,,,,,,,,,,,,,,,,-1.497594257181305,0.0
infeasible,mixed_sign_stress,sparse,100,150,0.1,0.10393333333333334,50,7,1642302799853501559,12778800449106158404,2,infeasible,0,optimal,0.0006722500038449652,2.7834001230075955e-05,9.417002729605883e-06,0.002788249999866821,0.0028255010038265027,0.9684,0,92,Optimization terminated successfully. (HiGHS Status 7: Optimal),,,,,,,,0.3896718762284798,0.0,1.2460013956922973,0.0,16.17401863461941,,0,1.3244405572265805e-12,,,,,,,,,,,,,,,,,,,,,,,,,-0.5732755319510495,0.0
infeasible,mixed_sign_stress,orthogonal,100,150,0.1,0.10393333333333334,50,7,1642302799853501559,1369339661936226634,2,infeasible,2,infeasible,0.0006722500038449652,0.00012925000191899016,7.457994797732681e-06,0.002861458000552375,0.0029981659972690977,1.0,0,106,The problem is infeasible. (HiGHS Status 8: model_status is Infeasible; primal_status is Infeasible),,,,,,,,,,,,,,,,,,,,,,,,,,,,,,,,,,,,,,,,-0.5732755319510495,0.0
infeasible,mixed_sign_stress,sparse,100,150,0.1,0.0992,50,8,6021090216109352153,17265116701789487592,2,infeasible,2,infeasible,0.000642833998426795,3.316599759273231e-05,1.0791001841425896e-05,0.003150458993331995,0.003194415992766153,0.9710666666666666,0,105,The problem is infeasible. (HiGHS Status 8: model_status is Infeasible; primal_status is Infeasible),,,,,,,,,,,,,,,,,,,,,,,,,,,,,,,,,,,,,,,,-1.3761916705164703,0.0
infeasible,mixed_sign_stress,orthogonal,100,150,0.1,0.0992,50,8,6021090216109352153,1682877084300655259,2,infeasible,0,optimal,0.000642833998426795,0.00013737499830313027,1.0458003089297563e-05,0.002791291000903584,0.002939124002296012,1.0,0,90,Optimization terminated successfully. (HiGHS Status 7: Optimal),,,,,,,,0.4471267881219712,0.0,1.473242354693196,0.0,18.505981815240986,,0,6.873390745454344e-13,,,,,,,,,,,,,,,,,,,,,,,,,-1.3761916705164703,0.0
infeasible,mixed_sign_stress,sparse,100,150,0.1,0.10066666666666667,50,9,16016745709003146768,324653874759420226,2,infeasible,0,optimal,0.0006015000035404228,2.5165994884446263e-05,9.333001798950136e-06,0.0027053750018239953,0.0027398739985073917,0.9577333333333333,0,84,Optimization terminated successfully. (HiGHS Status 7: Optimal),,,,,,,,0.3190027389339623,0.0,1.0028689590059785,0.0,16.526960858925314,,0,2.525757381022231e-13,,,,,,,,,,,,,,,,,,,,,,,,,-0.5357768572217746,0.0
infeasible,mixed_sign_stress,orthogonal,100,150,0.1,0.10066666666666667,50,9,16016745709003146768,5436450039244763206,2,infeasible,0,optimal,0.0006015000035404228,0.00013416699948720634,8.208000508602709e-06,0.002965291998407338,0.003107666998403147,1.0,0,101,Optimization terminated successfully. (HiGHS Status 7: Optimal),,,,,,,,0.406074020405534,0.0,1.598771349517409,0.0,17.22072931384609,,0,2.433608869978343e-13,,,,,,,,,,,,,,,,,,,,,,,,,-0.5357768572217746,0.0
infeasible,mixed_sign_stress,sparse,100,150,0.5,0.5001333333333333,50,0,1599464682007895797,10986024470552512026,2,infeasible,2,infeasible,0.0011630830049398355,3.17919984809123e-05,1.2291995517443866e-05,0.0023909579977043904,0.0024350419917027466,1.0,0,56,The problem is infeasible. (HiGHS Status 8: model_status is Infeasible; primal_status is Infeasible),,,,,,,,,,,,,,,,,,,,,,,,,,,,,,,,,,,,,,,,-1.3267858876840122,0.0
infeasible,mixed_sign_stress,orthogonal,100,150,0.5,0.5001333333333333,50,0,1599464682007895797,15262753052421480882,2,infeasible,2,infeasible,0.0011630830049398355,0.00014495799405267462,9.16700082598254e-06,0.002419540993287228,0.002573665988165885,1.0,0,73,The problem is infeasible. (HiGHS Status 8: model_status is Infeasible; primal_status is Infeasible),,,,,,,,,,,,,,,,,,,,,,,,,,,,,,,,,,,,,,,,-1.3267858876840122,0.0
infeasible,mixed_sign_stress,sparse,100,150,0.5,0.5056666666666667,50,1,15072522117664787165,14900844214982033287,2,infeasible,2,infeasible,0.0010051249992102385,2.4916997062973678e-05,9.959003364201635e-06,0.002196290995925665,0.00223116699635284,1.0,0,50,The problem is infeasible. (HiGHS Status 8: model_status is Infeasible; primal_status is Infeasible),,,,,,,,,,,,,,,,,,,,,,,,,,,,,,,,,,,,,,,,-1.0965453711285023,0.0
infeasible,mixed_sign_stress,orthogonal,100,150,0.5,0.5056666666666667,50,1,15072522117664787165,4813525198327586108,2,infeasible,2,infeasible,0.0010051249992102385,0.000134292000439018,9.332994522992522e-06,0.002497042005416006,0.0026406670003780164,1.0,0,62,The problem is infeasible. (HiGHS Status 8: model_status is Infeasible; primal_status is Infeasible),,,,,,,,,,,,,,,,,,,,,,,,,,,,,,,,,,,,,,,,-1.0965453711285023,0.0
infeasible,mixed_sign_stress,sparse,100,150,0.5,0.4992666666666667,50,2,18155923208923205759,9148804904577980346,2,infeasible,2,infeasible,0.0010339159998693503,3.300000389572233e-05,1.0875002772081643e-05,0.002409292006632313,0.002453167013300117,1.0,0,70,The problem is infeasible. (HiGHS Status 8: model_status is Infeasible; primal_status is Infeasible),,,,,,,,,,,,,,,,,,,,,,,,,,,,,,,,,,,,,,,,-0.612477414383585,0.0
infeasible,mixed_sign_stress,orthogonal,100,150,0.5,0.4992666666666667,50,2,18155923208923205759,4322264431730113204,2,infeasible,2,infeasible,0.0010339159998693503,0.00013983299868414178,9.957999282050878e-06,0.0024856669988366775,0.00263545799680287,1.0,0,64,The problem is infeasible. (HiGHS Status 8: model_status is Infeasible; primal_status is Infeasible),,,,,,,,,,,,,,,,,,,,,,,,,,,,,,,,,,,,,,,,-0.612477414383585,0.0
infeasible,mixed_sign_stress,sparse,100,150,0.5,0.4978666666666667,50,3,8820131461633060920,1660165120713591001,2,infeasible,2,infeasible,0.0010624170026858337,2.570800279499963e-05,1.1542004358489066e-05,0.0023189589992398396,0.0023562090063933283,1.0,0,55,The problem is infeasible. (HiGHS Status 8: model_status is Infeasible; primal_status is Infeasible),,,,,,,,,,,,,,,,,,,,,,,,,,,,,,,,,,,,,,,,-1.2331604753978263,0.0
infeasible,mixed_sign_stress,orthogonal,100,150,0.5,0.4978666666666667,50,3,8820131461633060920,6653801625222114904,2,infeasible,2,infeasible,0.0010624170026858337,0.00013479100016411394,1.0083000233862549e-05,0.0022418749940698035,0.00238674899446778,1.0,0,55,The problem is infeasible. (HiGHS Status 8: model_status is Infeasible; primal_status is Infeasible),,,,,,,,,,,,,,,,,,,,,,,,,,,,,,,,,,,,,,,,-1.2331604753978263,0.0
infeasible,mixed_sign_stress,sparse,100,150,0.5,0.498,50,4,2110543731837701654,8453781602866100321,2,infeasible,2,infeasible,0.0011115419983980246,2.5499997718725353e-05,1.0957999620586634e-05,0.0024363749980693683,0.0024728329954086803,1.0,0,67,The problem is infeasible. (HiGHS Status 8: model_status is Infeasible; primal_status is Infeasible),,,,,,,,,,,,,,,,,,,,,,,,,,,,,,,,,,,,,,,,-1.119251462021091,0.0
infeasible,mixed_sign_stress,orthogonal,100,150,0.5,0.498,50,4,2110543731837701654,17766785066532508933,2,infeasible,2,infeasible,0.0011115419983980246,0.00017441599629819393,1.0458003089297563e-05,0.0023324579960899428,0.0025173319954774342,1.0,0,66,The problem is infeasible. (HiGHS Status 8: model_status is Infeasible; primal_status is Infeasible),,,,,,,,,,,,,,,,,,,,,,,,,,,,,,,,,,,,,,,,-1.119251462021091,0.0
infeasible,mixed_sign_stress,sparse,100,150,0.5,0.5,50,5,15658046925960211580,7604564001193468255,2,infeasible,2,infeasible,0.001064542004314717,3.454199759289622e-05,1.2333999620750546e-05,0.0023528329984401353,0.002399708995653782,1.0,0,65,The problem is infeasible. (HiGHS Status 8: model_status is Infeasible; primal_status is Infeasible),,,,,,,,,,,,,,,,,,,,,,,,,,,,,,,,,,,,,,,,-0.9281167944113433,0.0
infeasible,mixed_sign_stress,orthogonal,100,150,0.5,0.5,50,5,15658046925960211580,7046465877221750535,2,infeasible,2,infeasible,0.001064542004314717,0.00013466599921230227,8.875002095010132e-06,0.0025292499994975515,0.002672791000804864,1.0,0,67,The problem is infeasible. (HiGHS Status 8: model_status is Infeasible; primal_status is Infeasible),,,,,,,,,,,,,,,,,,,,,,,,,,,,,,,,,,,,,,,,-0.9281167944113433,0.0
infeasible,mixed_sign_stress,sparse,100,150,0.5,0.49746666666666667,50,6,2572176181014694257,17535615637617876347,2,infeasible,2,infeasible,0.0010105830006068572,2.5125002139247954e-05,9.791998309083283e-06,0.002254917002574075,0.0022898340030224063,1.0,0,54,The problem is infeasible. (HiGHS Status 8: model_status is Infeasible; primal_status is Infeasible),,,,,,,,,,,,,,,,,,,,,,,,,,,,,,,,,,,,,,,,-0.8983026260012574,0.0
infeasible,mixed_sign_stress,orthogonal,100,150,0.5,0.49746666666666667,50,6,2572176181014694257,4161058289314657133,2,infeasible,2,infeasible,0.0010105830006068572,0.00013287500041769817,9.540999599266797e-06,0.0024280420038849115,0.0025704580039018765,1.0,0,64,The problem is infeasible. (HiGHS Status 8: model_status is Infeasible; primal_status is Infeasible),,,,,,,,,,,,,,,,,,,,,,,,,,,,,,,,,,,,,,,,-0.8983026260012574,0.0
infeasible,mixed_sign_stress,sparse,100,150,0.5,0.4987333333333333,50,7,8240073793918823266,10822239543974643525,2,infeasible,2,infeasible,0.0010626669973134995,2.6958005037158728e-05,9.499999578110874e-06,0.002493125000910368,0.0025295830055256374,1.0,0,64,The problem is infeasible. (HiGHS Status 8: model_status is Infeasible; primal_status is Infeasible),,,,,,,,,,,,,,,,,,,,,,,,,,,,,,,,,,,,,,,,-0.5098197071016692,0.0
infeasible,mixed_sign_stress,orthogonal,100,150,0.5,0.4987333333333333,50,7,8240073793918823266,16804837074177114356,2,infeasible,2,infeasible,0.0010626669973134995,0.00012599999899975955,8.33300146041438e-06,0.0020720419997815043,0.002206375000241678,1.0,0,45,The problem is infeasible. (HiGHS Status 8: model_status is Infeasible; primal_status is Infeasible),,,,,,,,,,,,,,,,,,,,,,,,,,,,,,,,,,,,,,,,-0.5098197071016692,0.0
infeasible,mixed_sign_stress,sparse,100,150,0.5,0.49766666666666665,50,8,13843693712727859026,2838323234120093851,2,infeasible,2,infeasible,0.0010573750041658059,2.6749999960884452e-05,1.0832998668774962e-05,0.002349250004044734,0.0023868330026743934,1.0,0,74,The problem is infeasible. (HiGHS Status 8: model_status is Infeasible; primal_status is Infeasible),,,,,,,,,,,,,,,,,,,,,,,,,,,,,,,,,,,,,,,,-0.562324035182227,0.0
infeasible,mixed_sign_stress,orthogonal,100,150,0.5,0.49766666666666665,50,8,13843693712727859026,8066976011792638977,2,infeasible,2,infeasible,0.0010573750041658059,0.00013345800107344985,8.124996384140104e-06,0.0025343329980387352,0.002675915995496325,1.0,0,83,The problem is infeasible. (HiGHS Status 8: model_status is Infeasible; primal_status is Infeasible),,,,,,,,,,,,,,,,,,,,,,,,,,,,,,,,,,,,,,,,-0.562324035182227,0.0
infeasible,mixed_sign_stress,sparse,100,150,0.5,0.5026,50,9,17322413608171306319,10766775380458265681,2,infeasible,2,infeasible,0.001010374995530583,2.579099964350462e-05,1.1083000572398305e-05,0.0022274169969023205,0.0022642909971182235,1.0,0,57,The problem is infeasible. (HiGHS Status 8: model_status is Infeasible; primal_status is Infeasible),,,,,,,,,,,,,,,,,,,,,,,,,,,,,,,,,,,,,,,,-1.2054527980645942,0.0
infeasible,mixed_sign_stress,orthogonal,100,150,0.5,0.5026,50,9,17322413608171306319,14887656735392155073,2,infeasible,2,infeasible,0.001010374995530583,0.00013545800175052136,9.041003067977726e-06,0.0024047500046435744,0.0025492490094620734,1.0,0,67,The problem is infeasible. (HiGHS Status 8: model_status is Infeasible; primal_status is Infeasible),,,,,,,,,,,,,,,,,,,,,,,,,,,,,,,,,,,,,,,,-1.2054527980645942,0.0
infeasible,mixed_sign_stress,sparse,250,375,0.1,0.098976,125,0,1753290700517532886,2679484204685665649,2,infeasible,2,infeasible,0.0014958750034566037,0.00013212499470682815,7.066599937388673e-05,0.026703458002884872,0.026906248996965587,0.9999146666666666,0,271,The problem is infeasible. (HiGHS Status 8: model_status is Infeasible; primal_status is Infeasible),,,,,,,,,,,,,,,,,,,,,,,,,,,,,,,,,,,,,,,,-1.118341602114048,0.0
infeasible,mixed_sign_stress,orthogonal,250,375,0.1,0.098976,125,0,1753290700517532886,7025409397819020413,2,infeasible,2,infeasible,0.0014958750034566037,0.0009592090063961223,6.766700244043022e-05,0.028411750005034264,0.029438626013870817,1.0,0,285,The problem is infeasible. (HiGHS Status 8: model_status is Infeasible; primal_status is Infeasible),,,,,,,,,,,,,,,,,,,,,,,,,,,,,,,,,,,,,,,,-1.118341602114048,0.0
infeasible,mixed_sign_stress,sparse,250,375,0.1,0.099968,125,1,11038586040691775269,5845997927374150149,2,infeasible,2,infeasible,0.0015269170035026036,0.00013095800386508927,7.270800415426493e-05,0.028777417006494943,0.028981083014514297,0.9999786666666667,0,303,The problem is infeasible. (HiGHS Status 8: model_status is Infeasible; primal_status is Infeasible),,,,,,,,,,,,,,,,,,,,,,,,,,,,,,,,,,,,,,,,-0.5094018086345081,0.0
infeasible,mixed_sign_stress,orthogonal,250,375,0.1,0.099968,125,1,11038586040691775269,10763759971727712139,2,infeasible,2,infeasible,0.0015269170035026036,0.0009867080007097684,6.750000466126949e-05,0.028048000000126194,0.029102208005497232,1.0,0,291,The problem is infeasible. (HiGHS Status 8: model_status is Infeasible; primal_status is Infeasible),,,,,,,,,,,,,,,,,,,,,,,,,,,,,,,,,,,,,,,,-0.5094018086345081,0.0
infeasible,mixed_sign_stress,sparse,250,375,0.1,0.099488,125,2,4424685311108772407,17450338360102318041,2,infeasible,2,infeasible,0.0014991249990998767,0.00012754199997289106,6.879199645482004e-05,0.03092833299888298,0.03112466699531069,0.9998933333333333,0,335,The problem is infeasible. (HiGHS Status 8: model_status is Infeasible; primal_status is Infeasible),,,,,,,,,,,,,,,,,,,,,,,,,,,,,,,,,,,,,,,,-0.8290541036705557,0.0
infeasible,mixed_sign_stress,orthogonal,250,375,0.1,0.099488,125,2,4424685311108772407,8602696342537832619,2,infeasible,0,optimal,0.0014991249990998767,0.0009425419993931428,6.962499901419505e-05,0.02714395800285274,0.02815612500126008,1.0,0,290,Optimization terminated successfully. (HiGHS Status 7: Optimal),,,,,,,,0.310904876327867,0.0,1.0807350961910598,0.0,21.564506640034185,,0,8.389999806013293e-11,,,,,,,,,,,,,,,,,,,,,,,,,-0.8290541036705557,0.0
infeasible,mixed_sign_stress,sparse,250,375,0.1,0.09957333333333333,125,3,6117274758829326565,5757789157392518784,2,infeasible,2,infeasible,0.00151058300252771,0.00012366600276436657,6.14160016993992e-05,0.029209624997747596,0.029394707002211362,0.9995946666666666,0,305,The problem is infeasible. (HiGHS Status 8: model_status is Infeasible; primal_status is Infeasible),,,,,,,,,,,,,,,,,,,,,,,,,,,,,,,,,,,,,,,,-0.6993396425145652,0.0
infeasible,mixed_sign_stress,orthogonal,250,375,0.1,0.09957333333333333,125,3,6117274758829326565,10527660963122565798,2,infeasible,0,optimal,0.00151058300252771,0.000968000000284519,6.912500248290598e-05,0.02657020799961174,0.027607333002379164,1.0,0,278,Optimization terminated successfully. (HiGHS Status 7: Optimal),,,,,,,,0.284534621736099,0.0,1.1395763606665816,0.0,20.73755807397231,,0,3.539391002504999e-13,,,,,,,,,,,,,,,,,,,,,,,,,-0.6993396425145652,0.0
infeasible,mixed_sign_stress,sparse,250,375,0.1,0.101792,125,4,634518354956165400,16200956865861218706,2,infeasible,2,infeasible,0.0014826250044279732,0.00013033399591222405,6.633299926761538e-05,0.031476458003453445,0.031673124998633284,0.999744,0,336,The problem is infeasible. (HiGHS Status 8: model_status is Infeasible; primal_status is Infeasible),,,,,,,,,,,,,,,,,,,,,,,,,,,,,,,,,,,,,,,,-0.7607306785053989,0.0
infeasible,mixed_sign_stress,orthogonal,250,375,0.1,0.101792,125,4,634518354956165400,259050351077771739,2,infeasible,2,infeasible,0.0014826250044279732,0.0009561660044710152,6.616699829464778e-05,0.028331916000752244,0.029354249003517907,1.0,0,282,The problem is infeasible. (HiGHS Status 8: model_status is Infeasible; primal_status is Infeasible),,,,,,,,,,,,,,,,,,,,,,,,,,,,,,,,,,,,,,,,-0.7607306785053989,0.0
infeasible,mixed_sign_stress,sparse,250,375,0.1,0.099968,125,5,320245379296010120,16172492526191460518,2,infeasible,2,infeasible,0.001656207998166792,0.00013529200077755377,8.974999946076423e-05,0.028914791000715923,0.02913983300095424,0.9998506666666667,0,289,The problem is infeasible. (HiGHS Status 8: model_status is Infeasible; primal_status is Infeasible),,,,,,,,,,,,,,,,,,,,,,,,,,,,,,,,,,,,,,,,-1.0974154573383363,0.0
infeasible,mixed_sign_stress,orthogonal,250,375,0.1,0.099968,125,5,320245379296010120,16193966853822536927,2,infeasible,2,infeasible,0.001656207998166792,0.0009912089954013936,7.67090023146011e-05,0.03132920800271677,0.03239712600043276,1.0,0,334,The problem is infeasible. (HiGHS Status 8: model_status is Infeasible; primal_status is Infeasible),,,,,,,,,,,,,,,,,,,,,,,,,,,,,,,,,,,,,,,,-1.0974154573383363,0.0
infeasible,mixed_sign_stress,sparse,250,375,0.1,0.099904,125,6,15950592464277661378,1792226604055712265,2,infeasible,0,optimal,0.0015812910060049035,0.0001241670033778064,6.833399675088003e-05,0.028577707998920232,0.02877020899904892,0.9998293333333333,0,291,Optimization terminated successfully. (HiGHS Status 7: Optimal),,,,,,,,0.3293338196954599,0.0,1.8105563969899652,0.0,22.398999201158382,,0,3.752553823233029e-14,,,,,,,,,,,,,,,,,,,,,,,,,-1.154571204971215,0.0
infeasible,mixed_sign_stress,orthogonal,250,375,0.1,0.099904,125,6,15950592464277661378,3917190243262303043,2,infeasible,2,infeasible,0.0015812910060049035,0.000941875005082693,5.8457997511141e-05,0.02936795799905667,0.030368291001650505,1.0,0,308,The problem is infeasible. (HiGHS Status 8: model_status is Infeasible; primal_status is Infeasible),,,,,,,,,,,,,,,,,,,,,,,,,,,,,,,,,,,,,,,,-1.154571204971215,0.0
infeasible,mixed_sign_stress,sparse,250,375,0.1,0.100736,125,7,13287984789019859226,6360667308972031050,2,infeasible,2,infeasible,0.0014906249998603016,0.00012774999777320772,6.475000554928556e-05,0.03002779100643238,0.030220291009754874,0.9997866666666667,0,329,The problem is infeasible. (HiGHS Status 8: model_status is Infeasible; primal_status is Infeasible),,,,,,,,,,,,,,,,,,,,,,,,,,,,,,,,,,,,,,,,-1.1744956694816298,0.0
infeasible,mixed_sign_stress,orthogonal,250,375,0.1,0.100736,125,7,13287984789019859226,8504738264430812333,2,infeasible,2,infeasible,0.0014906249998603016,0.0009991670012823306,7.9166995419655e-05,0.02492233300290536,0.026000666999607347,1.0,0,252,The problem is infeasible. (HiGHS Status 8: model_status is Infeasible; primal_status is Infeasible),,,,,,,,,,,,,,,,,,,,,,,,,,,,,,,,,,,,,,,,-1.1744956694816298,0.0
infeasible,mixed_sign_stress,sparse,250,375,0.1,0.10021333333333333,125,8,16066138373338974252,12820411480786116957,2,infeasible,2,infeasible,0.0016650830002618022,0.0001266249964828603,7.133299368433654e-05,0.028765166003722697,0.028963123993889894,0.99968,0,302,The problem is infeasible. (HiGHS Status 8: model_status is Infeasible; primal_status is Infeasible),,,,,,,,,,,,,,,,,,,,,,,,,,,,,,,,,,,,,,,,-0.622120572139329,0.0
infeasible,mixed_sign_stress,orthogonal,250,375,0.1,0.10021333333333333,125,8,16066138373338974252,15077738730829518985,2,infeasible,2,infeasible,0.0016650830002618022,0.0009589170003891923,6.199999916134402e-05,0.02924374999565771,0.030264666995208245,1.0,0,300,The problem is infeasible. (HiGHS Status 8: model_status is Infeasible; primal_status is Infeasible),,,,,,,,,,,,,,,,,,,,,,,,,,,,,,,,,,,,,,,,-0.622120572139329,0.0
infeasible,mixed_sign_stress,sparse,250,375,0.1,0.10049066666666667,125,9,9354386294482223875,8591863492278605728,2,infeasible,2,infeasible,0.0015540840031462722,0.00012608300312422216,7.300000288523734e-05,0.03077237500110641,0.03097145800711587,0.999808,0,333,The problem is infeasible. (HiGHS Status 8: model_status is Infeasible; primal_status is Infeasible),,,,,,,,,,,,,,,,,,,,,,,,,,,,,,,,,,,,,,,,-0.7382020797450243,0.0
infeasible,mixed_sign_stress,orthogonal,250,375,0.1,0.10049066666666667,125,9,9354386294482223875,3755384244525708518,2,infeasible,2,infeasible,0.0015540840031462722,0.0009279590012738481,7.087500125635415e-05,0.026021499994385522,0.027020333996915724,1.0,0,271,The problem is infeasible. (HiGHS Status 8: model_status is Infeasible; primal_status is Infeasible),,,,,,,,,,,,,,,,,,,,,,,,,,,,,,,,,,,,,,,,-0.7382020797450243,0.0
infeasible,mixed_sign_stress,sparse,250,375,0.5,0.499456,125,0,15501426950896543582,12899596532597651750,2,infeasible,2,infeasible,0.004818125002202578,0.00013208299787947908,7.108299905667081e-05,0.015407375001814216,0.015610540998750366,1.0,0,114,The problem is infeasible. (HiGHS Status 8: model_status is Infeasible; primal_status is Infeasible),,,,,,,,,,,,,,,,,,,,,,,,,,,,,,,,,,,,,,,,-0.9876958571546006,0.0
infeasible,mixed_sign_stress,orthogonal,250,375,0.5,0.499456,125,0,15501426950896543582,16253196150335159738,2,infeasible,2,infeasible,0.004818125002202578,0.0009532920012134127,6.649999704677612e-05,0.018992208999407012,0.0200120009976672,1.0,0,158,The problem is infeasible. (HiGHS Status 8: model_status is Infeasible; primal_status is Infeasible),,,,,,,,,,,,,,,,,,,,,,,,,,,,,,,,,,,,,,,,-0.9876958571546006,0.0
infeasible,mixed_sign_stress,sparse,250,375,0.5,0.49928533333333336,125,1,8719964343153448610,8173502725587366596,2,infeasible,2,infeasible,0.00462729199352907,0.00012954200064996257,7.058300252538174e-05,0.01489637499616947,0.015096499999344815,1.0,0,102,The problem is infeasible. (HiGHS Status 8: model_status is Infeasible; primal_status is Infeasible),,,,,,,,,,,,,,,,,,,,,,,,,,,,,,,,,,,,,,,,-1.0639255105412064,0.0
infeasible,mixed_sign_stress,orthogonal,250,375,0.5,0.49928533333333336,125,1,8719964343153448610,17230858013709467308,2,infeasible,2,infeasible,0.00462729199352907,0.0009176669991575181,7.270900096045807e-05,0.015227541000058409,0.016217917000176385,1.0,0,102,The problem is infeasible. (HiGHS Status 8: model_status is Infeasible; primal_status is Infeasible),,,,,,,,,,,,,,,,,,,,,,,,,,,,,,,,,,,,,,,,-1.0639255105412064,0.0
infeasible,mixed_sign_stress,sparse,250,375,0.5,0.5023466666666667,125,2,13261643063704449685,3980724355546714307,2,infeasible,2,infeasible,0.004712709000159521,0.0001437499959138222,7.004100189078599e-05,0.01610245899792062,0.01631624999572523,1.0,0,112,The problem is infeasible. (HiGHS Status 8: model_status is Infeasible; primal_status is Infeasible),,,,,,,,,,,,,,,,,,,,,,,,,,,,,,,,,,,,,,,,-1.07261333267388,0.0
infeasible,mixed_sign_stress,orthogonal,250,375,0.5,0.5023466666666667,125,2,13261643063704449685,7445392191774504161,2,infeasible,2,infeasible,0.004712709000159521,0.0009788750030566007,6.941700121387839e-05,0.0183392079998157,0.019387500004086178,1.0,0,156,The problem is infeasible. (HiGHS Status 8: model_status is Infeasible; primal_status is Infeasible),,,,,,,,,,,,,,,,,,,,,,,,,,,,,,,,,,,,,,,,-1.07261333267388,0.0
infeasible,mixed_sign_stress,sparse,250,375,0.5,0.49610666666666664,125,3,5818951533825395416,10365194820224483485,2,infeasible,2,infeasible,0.004692667003837414,0.00013624999701278284,7.14999987394549e-05,0.01559520800219616,0.015802957997948397,1.0,0,119,The problem is infeasible. (HiGHS Status 8: model_status is Infeasible; primal_status is Infeasible),,,,,,,,,,,,,,,,,,,,,,,,,,,,,,,,,,,,,,,,-1.4403675132105214,0.0
infeasible,mixed_sign_stress,orthogonal,250,375,0.5,0.49610666666666664,125,3,5818951533825395416,2337602256515340348,2,infeasible,2,infeasible,0.004692667003837414,0.0009665409961598925,6.9500005338341e-05,0.015473791005206294,0.016509832006704528,1.0,0,117,The problem is infeasible. (HiGHS Status 8: model_status is Infeasible; primal_status is Infeasible),,,,,,,,,,,,,,,,,,,,,,,,,,,,,,,,,,,,,,,,-1.4403675132105214,0.0
infeasible,mixed_sign_stress,sparse,250,375,0.5,0.502848,125,4,4622561357780832609,11261802610128535868,2,infeasible,2,infeasible,0.004505042001255788,0.00013666700397152454,7.166700379457325e-05,0.016616790999250952,0.01682512500701705,1.0,0,157,The problem is infeasible. (HiGHS Status 8: model_status is Infeasible; primal_status is Infeasible),,,,,,,,,,,,,,,,,,,,,,,,,,,,,,,,,,,,,,,,-0.7009948532371351,0.0
infeasible,mixed_sign_stress,orthogonal,250,375,0.5,0.502848,125,4,4622561357780832609,14426072238884522947,2,infeasible,2,infeasible,0.004505042001255788,0.0009571670016157441,7.066699618007988e-05,0.02112150000175461,0.022149333999550436,1.0,0,203,The problem is infeasible. (HiGHS Status 8: model_status is Infeasible; primal_status is Infeasible),,,,,,,,,,,,,,,,,,,,,,,,,,,,,,,,,,,,,,,,-0.7009948532371351,0.0
infeasible,mixed_sign_stress,sparse,250,375,0.5,0.49845333333333336,125,5,15901703245646721014,18026713097026331171,2,infeasible,2,infeasible,0.004501832998357713,0.0001269999993382953,7.095799810485914e-05,0.019046875000640284,0.01924483299808344,1.0,0,163,The problem is infeasible. (HiGHS Status 8: model_status is Infeasible; primal_status is Infeasible),,,,,,,,,,,,,,,,,,,,,,,,,,,,,,,,,,,,,,,,-1.2812410575800581,0.0
infeasible,mixed_sign_stress,orthogonal,250,375,0.5,0.49845333333333336,125,5,15901703245646721014,1421889630823854894,2,infeasible,2,infeasible,0.004501832998357713,0.0010162499966099858,7.249999907799065e-05,0.015621790997101925,0.016710540992789902,1.0,0,124,The problem is infeasible. (HiGHS Status 8: model_status is Infeasible; primal_status is Infeasible),,,,,,,,,,,,,,,,,,,,,,,,,,,,,,,,,,,,,,,,-1.2812410575800581,0.0
infeasible,mixed_sign_stress,sparse,250,375,0.5,0.4997546666666667,125,6,578060061178584832,11880301999293957897,2,infeasible,2,infeasible,0.004416165997099597,0.0001335420020041056,7.658400136278942e-05,0.015364041995781008,0.015574167999147903,1.0,0,123,The problem is infeasible. (HiGHS Status 8: model_status is Infeasible; primal_status is Infeasible),,,,,,,,,,,,,,,,,,,,,,,,,,,,,,,,,,,,,,,,-1.0899700975823223,0.0
infeasible,mixed_sign_stress,orthogonal,250,375,0.5,0.4997546666666667,125,6,578060061178584832,1299287160791757871,2,infeasible,2,infeasible,0.004416165997099597,0.0009710829981486313,6.795900117140263e-05,0.016804917002446018,0.017843959001766052,1.0,0,145,The problem is infeasible. (HiGHS Status 8: model_status is Infeasible; primal_status is Infeasible),,,,,,,,,,,,,,,,,,,,,,,,,,,,,,,,,,,,,,,,-1.0899700975823223,0.0
infeasible,mixed_sign_stress,sparse,250,375,0.5,0.5000426666666666,125,7,4568195870456879846,15993734799087857454,2,infeasible,2,infeasible,0.004681208003603388,0.00012820799747714773,7.11250031599775e-05,0.015447750003659166,0.01564708300429629,1.0,0,113,The problem is infeasible. (HiGHS Status 8: model_status is Infeasible; primal_status is Infeasible),,,,,,,,,,,,,,,,,,,,,,,,,,,,,,,,,,,,,,,,-0.5771793300406828,0.0
infeasible,mixed_sign_stress,orthogonal,250,375,0.5,0.5000426666666666,125,7,4568195870456879846,4108275965908869811,2,infeasible,2,infeasible,0.004681208003603388,0.000946333006140776,6.374999793479219e-05,0.016857083996001165,0.017867167000076734,1.0,0,136,The problem is infeasible. (HiGHS Status 8: model_status is Infeasible; primal_status is Infeasible),,,,,,,,,,,,,,,,,,,,,,,,,,,,,,,,,,,,,,,,-0.5771793300406828,0.0
infeasible,mixed_sign_stress,sparse,250,375,0.5,0.5024213333333334,125,8,2170551522125120259,5949082742271007062,2,infeasible,2,infeasible,0.004729457999928854,0.00013508299889508635,7.504200038965791e-05,0.016412832999776583,0.016622957999061327,1.0,0,143,The problem is infeasible. (HiGHS Status 8: model_status is Infeasible; primal_status is Infeasible),,,,,,,,,,,,,,,,,,,,,,,,,,,,,,,,,,,,,,,,-0.7023482945176543,0.0
infeasible,mixed_sign_stress,orthogonal,250,375,0.5,0.5024213333333334,125,8,2170551522125120259,3978803330003407010,2,infeasible,2,infeasible,0.004729457999928854,0.0009794169964152388,6.804199801990762e-05,0.014875792003294919,0.015923250997730065,1.0,0,105,The problem is infeasible. (HiGHS Status 8: model_status is Infeasible; primal_status is Infeasible),,,,,,,,,,,,,,,,,,,,,,,,,,,,,,,,,,,,,,,,-0.7023482945176543,0.0
infeasible,mixed_sign_stress,sparse,250,375,0.5,0.5009493333333334,125,9,8314114579818109457,15521938735542215021,2,infeasible,2,infeasible,0.004812749997654464,0.0001372500046272762,7.400000322377309e-05,0.015560874999209773,0.015772125007060822,1.0,0,120,The problem is infeasible. (HiGHS Status 8: model_status is Infeasible; primal_status is Infeasible),,,,,,,,,,,,,,,,,,,,,,,,,,,,,,,,,,,,,,,,-1.123715124222608,0.0
infeasible,mixed_sign_stress,orthogonal,250,375,0.5,0.5009493333333334,125,9,8314114579818109457,9522223964282221374,2,infeasible,2,infeasible,0.004812749997654464,0.0009555409997119568,6.462500459747389e-05,0.016725749999750406,0.017745916004059836,1.0,0,143,The problem is infeasible. (HiGHS Status 8: model_status is Infeasible; primal_status is Infeasible),,,,,,,,,,,,,,,,,,,,,,,,,,,,,,,,,,,,,,,,-1.123715124222608,0.0
infeasible,mixed_sign_stress,sparse,500,750,0.1,0.10024266666666666,250,0,10187851336672272948,12635273132987082959,2,infeasible,2,infeasible,0.004530165999312885,0.0005065829973318614,0.00042991700320271775,0.1674167919991305,0.1683532919996651,1.0,0,508,The problem is infeasible. (HiGHS Status 8: model_status is Infeasible; primal_status is Infeasible),,,,,,,,,,,,,,,,,,,,,,,,,,,,,,,,,,,,,,,,-0.7350994192635825,0.0
infeasible,mixed_sign_stress,orthogonal,500,750,0.1,0.10024266666666666,250,0,10187851336672272948,13221788078687884896,2,infeasible,2,infeasible,0.004530165999312885,0.002906292000261601,0.0004363330008345656,0.1892188750061905,0.19256150000728667,1.0,0,553,The problem is infeasible. (HiGHS Status 8: model_status is Infeasible; primal_status is Infeasible),,,,,,,,,,,,,,,,,,,,,,,,,,,,,,,,,,,,,,,,-0.7350994192635825,0.0
infeasible,mixed_sign_stress,sparse,500,750,0.1,0.09963733333333333,250,1,4580718418907217598,12447331912217636579,2,infeasible,2,infeasible,0.004462083998078015,0.0004701669968198985,0.00041649999911896884,0.19614079199527623,0.1970274589912151,1.0,0,589,The problem is infeasible. (HiGHS Status 8: model_status is Infeasible; primal_status is Infeasible),,,,,,,,,,,,,,,,,,,,,,,,,,,,,,,,,,,,,,,,-1.004079741928818,0.0
infeasible,mixed_sign_stress,orthogonal,500,750,0.1,0.09963733333333333,250,1,4580718418907217598,16003052127000473408,2,infeasible,2,infeasible,0.004462083998078015,0.0028651669999817386,0.0004925410030409694,0.19867004100524355,0.20202774900826626,1.0,0,602,The problem is infeasible. (HiGHS Status 8: model_status is Infeasible; primal_status is Infeasible),,,,,,,,,,,,,,,,,,,,,,,,,,,,,,,,,,,,,,,,-1.004079741928818,0.0
infeasible,mixed_sign_stress,sparse,500,750,0.1,0.100568,250,2,10730156381230960745,1769423132518795865,2,infeasible,2,infeasible,0.0045043749996693805,0.0005135000028531067,0.00042987499909941107,0.185624708996329,0.1865680839982815,1.0,0,554,The problem is infeasible. (HiGHS Status 8: model_status is Infeasible; primal_status is Infeasible),,,,,,,,,,,,,,,,,,,,,,,,,,,,,,,,,,,,,,,,-1.0236947444401219,0.0
infeasible,mixed_sign_stress,orthogonal,500,750,0.1,0.100568,250,2,10730156381230960745,534332150414133818,2,infeasible,2,infeasible,0.0045043749996693805,0.0028956250025657937,0.00045975000102771446,0.1938979170008679,0.1972532920044614,1.0,0,573,The problem is infeasible. (HiGHS Status 8: model_status is Infeasible; primal_status is Infeasible),,,,,,,,,,,,,,,,,,,,,,,,,,,,,,,,,,,,,,,,-1.0236947444401219,0.0
infeasible,mixed_sign_stress,sparse,500,750,0.1,0.10001333333333333,250,3,6913137139831122838,3440358929317868,2,infeasible,2,infeasible,0.004442291996383574,0.0004928749985992908,0.00041895799949998036,0.18353154199576238,0.18444337499386165,1.0,0,535,The problem is infeasible. (HiGHS Status 8: model_status is Infeasible; primal_status is Infeasible),,,,,,,,,,,,,,,,,,,,,,,,,,,,,,,,,,,,,,,,-1.0044508103677212,0.0
infeasible,mixed_sign_stress,orthogonal,500,750,0.1,0.10001333333333333,250,3,6913137139831122838,17263865847500580878,2,infeasible,2,infeasible,0.004442291996383574,0.002948583001852967,0.0004400000034365803,0.18668062499637017,0.19006920800165972,1.0,0,541,The problem is infeasible. (HiGHS Status 8: model_status is Infeasible; primal_status is Infeasible),,,,,,,,,,,,,,,,,,,,,,,,,,,,,,,,,,,,,,,,-1.0044508103677212,0.0
infeasible,mixed_sign_stress,sparse,500,750,0.1,0.099192,250,4,7881757412914387207,10469808298709177979,2,infeasible,2,infeasible,0.004631625000911299,0.0005057080052210949,0.00041170800250256434,0.16940116600017063,0.1703185820078943,0.9999946666666667,0,512,The problem is infeasible. (HiGHS Status 8: model_status is Infeasible; primal_status is Infeasible),,,,,,,,,,,,,,,,,,,,,,,,,,,,,,,,,,,,,,,,-1.0511893715626743,0.0
infeasible,mixed_sign_stress,orthogonal,500,750,0.1,0.099192,250,4,7881757412914387207,14685452116562336430,2,infeasible,2,infeasible,0.004631625000911299,0.002932708004664164,0.0004460420022951439,0.18501079200359527,0.18838954201055458,1.0,0,530,The problem is infeasible. (HiGHS Status 8: model_status is Infeasible; primal_status is Infeasible),,,,,,,,,,,,,,,,,,,,,,,,,,,,,,,,,,,,,,,,-1.0511893715626743,0.0
infeasible,mixed_sign_stress,sparse,500,750,0.1,0.099112,250,5,15168440758389480296,17074459758743309050,2,infeasible,2,infeasible,0.004435875001945533,0.0004916670004604384,0.0004655419979826547,0.18146570800308837,0.18242291700153146,1.0,0,522,The problem is infeasible. (HiGHS Status 8: model_status is Infeasible; primal_status is Infeasible),,,,,,,,,,,,,,,,,,,,,,,,,,,,,,,,,,,,,,,,-0.9190659397773087,0.0
infeasible,mixed_sign_stress,orthogonal,500,750,0.1,0.099112,250,5,15168440758389480296,3544252697861586299,2,infeasible,2,infeasible,0.004435875001945533,0.002934959004051052,0.00043024999467888847,0.16841662500519305,0.171781834003923,1.0,0,493,The problem is infeasible. (HiGHS Status 8: model_status is Infeasible; primal_status is Infeasible),,,,,,,,,,,,,,,,,,,,,,,,,,,,,,,,,,,,,,,,-0.9190659397773087,0.0
infeasible,mixed_sign_stress,sparse,500,750,0.1,0.10004,250,6,11747393241813312578,10356395434440135234,2,infeasible,2,infeasible,0.004556374995445367,0.0005059169998276047,0.00041895799949998036,0.16052175000368152,0.1614466250030091,1.0,0,479,The problem is infeasible. (HiGHS Status 8: model_status is Infeasible; primal_status is Infeasible),,,,,,,,,,,,,,,,,,,,,,,,,,,,,,,,,,,,,,,,-1.0635413058883825,0.0
infeasible,mixed_sign_stress,orthogonal,500,750,0.1,0.10004,250,6,11747393241813312578,9576337925002026116,2,infeasible,2,infeasible,0.004556374995445367,0.0028565829998115078,0.0004259999986970797,0.17378691599878948,0.17706949899729807,1.0,0,520,The problem is infeasible. (HiGHS Status 8: model_status is Infeasible; primal_status is Infeasible),,,,,,,,,,,,,,,,,,,,,,,,,,,,,,,,,,,,,,,,-1.0635413058883825,0.0
infeasible,mixed_sign_stress,sparse,500,750,0.1,0.100016,250,7,4505236764770215545,7777675239040011775,2,infeasible,2,infeasible,0.004474374996789265,0.0005361670046113431,0.0004368330046418123,0.15339479100657627,0.15436779101582943,1.0,0,457,The problem is infeasible. (HiGHS Status 8: model_status is Infeasible; primal_status is Infeasible),,,,,,,,,,,,,,,,,,,,,,,,,,,,,,,,,,,,,,,,-1.2584863965691624,0.0
infeasible,mixed_sign_stress,orthogonal,500,750,0.1,0.100016,250,7,4505236764770215545,4007816170834163407,2,infeasible,2,infeasible,0.004474374996789265,0.0028998749985476024,0.0004420000041136518,0.21439604199986206,0.21773791700252332,1.0,0,608,The problem is infeasible. (HiGHS Status 8: model_status is Infeasible; primal_status is Infeasible),,,,,,,,,,,,,,,,,,,,,,,,,,,,,,,,,,,,,,,,-1.2584863965691624,0.0
infeasible,mixed_sign_stress,sparse,500,750,0.1,0.09965866666666667,250,8,3679630721979212056,290454289761422718,2,infeasible,4,error,0.004525625001406297,0.0005041249969508499,0.0004553749968181364,0.19479412500368198,0.19575362499745097,1.0,0,564,The HiGHS status code was not recognized. (HiGHS Status 15: model_status is Unknown; primal_status is Infeasible),,,,,,,,,,,,,,,,,,,,,,,,,,,,,,,,,,,,,,,,-0.5302106515983827,0.0
infeasible,mixed_sign_stress,orthogonal,500,750,0.1,0.09965866666666667,250,8,3679630721979212056,16848411083139876133,2,infeasible,2,infeasible,0.004525625001406297,0.002887582995754201,0.00041808400419540703,0.18801712500135181,0.19132279200130142,1.0,0,561,The problem is infeasible. (HiGHS Status 8: model_status is Infeasible; primal_status is Infeasible),,,,,,,,,,,,,,,,,,,,,,,,,,,,,,,,,,,,,,,,-0.5302106515983827,0.0
infeasible,mixed_sign_stress,sparse,500,750,0.1,0.09959733333333333,250,9,17844152097858175299,4070127113506535607,2,infeasible,2,infeasible,0.004568291995383333,0.00047170799371087924,0.0004234160005580634,0.17944695800542831,0.18034208199969726,1.0,0,527,The problem is infeasible. (HiGHS Status 8: model_status is Infeasible; primal_status is Infeasible),,,,,,,,,,,,,,,,,,,,,,,,,,,,,,,,,,,,,,,,-0.819825902536278,0.0
infeasible,mixed_sign_stress,orthogonal,500,750,0.1,0.09959733333333333,250,9,17844152097858175299,12527054598023797591,2,infeasible,2,infeasible,0.004568291995383333,0.00293016700015869,0.0004312499950174242,0.1981976669994765,0.2015590839946526,1.0,0,591,The problem is infeasible. (HiGHS Status 8: model_status is Infeasible; primal_status is Infeasible),,,,,,,,,,,,,,,,,,,,,,,,,,,,,,,,,,,,,,,,-0.819825902536278,0.0
infeasible,mixed_sign_stress,sparse,500,750,0.5,0.500328,250,0,7892977802351179440,16941919290588178361,2,infeasible,2,infeasible,0.019547083997167647,0.0005122080037835985,0.0004391249967738986,0.08486566699866671,0.08581699999922421,1.0,0,195,The problem is infeasible. (HiGHS Status 8: model_status is Infeasible; primal_status is Infeasible),,,,,,,,,,,,,,,,,,,,,,,,,,,,,,,,,,,,,,,,-0.5118063128427396,0.0
infeasible,mixed_sign_stress,orthogonal,500,750,0.5,0.500328,250,0,7892977802351179440,10365196859107230599,2,infeasible,2,infeasible,0.019547083997167647,0.0028989170023123734,0.0004249580015311949,0.09348275000229478,0.09680662500613835,1.0,0,239,The problem is infeasible. (HiGHS Status 8: model_status is Infeasible; primal_status is Infeasible),,,,,,,,,,,,,,,,,,,,,,,,,,,,,,,,,,,,,,,,-0.5118063128427396,0.0
infeasible,mixed_sign_stress,sparse,500,750,0.5,0.500568,250,1,18272923018248416722,1034915312410925892,2,infeasible,2,infeasible,0.01893374999781372,0.0005046660007792525,0.0004232500068610534,0.09115720800036797,0.09208512400800828,1.0,0,223,The problem is infeasible. (HiGHS Status 8: model_status is Infeasible; primal_status is Infeasible),,,,,,,,,,,,,,,,,,,,,,,,,,,,,,,,,,,,,,,,-0.7608144653916372,0.0
infeasible,mixed_sign_stress,orthogonal,500,750,0.5,0.500568,250,1,18272923018248416722,2451388898325839027,2,infeasible,4,error,0.01893374999781372,0.0029115419965819456,0.0004439170006662607,0.09541454200370936,0.09877000100095756,1.0,0,244,The HiGHS status code was not recognized. (HiGHS Status 15: model_status is Unknown; primal_status is Infeasible),,,,,,,,,,,,,,,,,,,,,,,,,,,,,,,,,,,,,,,,-0.7608144653916372,0.0
infeasible,mixed_sign_stress,sparse,500,750,0.5,0.49836,250,2,3915442657202718779,9013580868874590034,2,infeasible,2,infeasible,0.019118625001283363,0.00047608400200260803,0.00042454199865460396,0.08494620800047414,0.08584683400113136,1.0,0,198,The problem is infeasible. (HiGHS Status 8: model_status is Infeasible; primal_status is Infeasible),,,,,,,,,,,,,,,,,,,,,,,,,,,,,,,,,,,,,,,,-0.8865750697954583,0.0
infeasible,mixed_sign_stress,orthogonal,500,750,0.5,0.49836,250,2,3915442657202718779,17323130760253987586,2,infeasible,2,infeasible,0.019118625001283363,0.00285733299824642,0.0004312499950174242,0.09373283400054788,0.09702141699381173,1.0,0,226,The problem is infeasible. (HiGHS Status 8: model_status is Infeasible; primal_status is Infeasible),,,,,,,,,,,,,,,,,,,,,,,,,,,,,,,,,,,,,,,,-0.8865750697954583,0.0
infeasible,mixed_sign_stress,sparse,500,750,0.5,0.500272,250,3,3606681421370550030,8008621886829135436,2,infeasible,2,infeasible,0.01874229199893307,0.0005132500009494834,0.0004349999944679439,0.07961233399691992,0.08056058399233734,1.0,0,158,The problem is infeasible. (HiGHS Status 8: model_status is Infeasible; primal_status is Infeasible),,,,,,,,,,,,,,,,,,,,,,,,,,,,,,,,,,,,,,,,-1.2030563250023862,0.0
infeasible,mixed_sign_stress,orthogonal,500,750,0.5,0.500272,250,3,3606681421370550030,12230141762529317893,2,infeasible,2,infeasible,0.01874229199893307,0.002838542000972666,0.00042950000351993367,0.08743854100612225,0.09070658301061485,1.0,0,215,The problem is infeasible. (HiGHS Status 8: model_status is Infeasible; primal_status is Infeasible),,,,,,,,,,,,,,,,,,,,,,,,,,,,,,,,,,,,,,,,-1.2030563250023862,0.0
infeasible,mixed_sign_stress,sparse,500,750,0.5,0.5003333333333333,250,4,1067503779190840138,9441319985698569968,2,infeasible,2,infeasible,0.01848916700691916,0.000473915999464225,0.00041458300256635994,0.08129995800118195,0.08218845700321253,1.0,0,178,The problem is infeasible. (HiGHS Status 8: model_status is Infeasible; primal_status is Infeasible),,,,,,,,,,,,,,,,,,,,,,,,,,,,,,,,,,,,,,,,-0.7187438205267961,0.0
infeasible,mixed_sign_stress,orthogonal,500,750,0.5,0.5003333333333333,250,4,1067503779190840138,11693170585092801545,2,infeasible,2,infeasible,0.01848916700691916,0.002961291997053195,0.00043845899926964194,0.08493916699808324,0.08833891799440607,1.0,0,194,The problem is infeasible. (HiGHS Status 8: model_status is Infeasible; primal_status is Infeasible),,,,,,,,,,,,,,,,,,,,,,,,,,,,,,,,,,,,,,,,-0.7187438205267961,0.0
infeasible,mixed_sign_stress,sparse,500,750,0.5,0.499456,250,5,15018777836586081080,13074863925585593951,2,infeasible,4,error,0.018975417006004136,0.0005529589980142191,0.0004485829995246604,0.09327266699983738,0.09427420899737626,1.0,0,221,The HiGHS status code was not recognized. (HiGHS Status 15: model_status is Unknown; primal_status is Infeasible),,,,,,,,,,,,,,,,,,,,,,,,,,,,,,,,,,,,,,,,-1.1520811339211587,0.0
infeasible,mixed_sign_stress,orthogonal,500,750,0.5,0.499456,250,5,15018777836586081080,7717609582242119381,2,infeasible,2,infeasible,0.018975417006004136,0.0029612500002258457,0.00043325000297045335,0.08764429100119742,0.09103879100439372,1.0,0,229,The problem is infeasible. (HiGHS Status 8: model_status is Infeasible; primal_status is Infeasible),,,,,,,,,,,,,,,,,,,,,,,,,,,,,,,,,,,,,,,,-1.1520811339211587,0.0
infeasible,mixed_sign_stress,sparse,500,750,0.5,0.4996986666666667,250,6,16985497907552766877,2427774908974296478,2,infeasible,2,infeasible,0.018631374994583894,0.000553292004042305,0.0004250839992891997,0.08584204200451495,0.08682041800784646,1.0,0,203,The problem is infeasible. (HiGHS Status 8: model_status is Infeasible; primal_status is Infeasible),,,,,,,,,,,,,,,,,,,,,,,,,,,,,,,,,,,,,,,,-0.8204317794621242,0.0
infeasible,mixed_sign_stress,orthogonal,500,750,0.5,0.4996986666666667,250,6,16985497907552766877,4331911620598355566,2,infeasible,2,infeasible,0.018631374994583894,0.002915375000156928,0.0004554999977699481,0.08646166700054891,0.08983254199847579,1.0,0,211,The problem is infeasible. (HiGHS Status 8: model_status is Infeasible; primal_status is Infeasible),,,,,,,,,,,,,,,,,,,,,,,,,,,,,,,,,,,,,,,,-0.8204317794621242,0.0
infeasible,mixed_sign_stress,sparse,500,750,0.5,0.4990986666666667,250,7,5975783330145715241,8020320787334343971,2,infeasible,2,infeasible,0.018510624999180436,0.0005378749992814846,0.00044658399565378204,0.08310429200355429,0.08408875099848956,1.0,0,193,The problem is infeasible. (HiGHS Status 8: model_status is Infeasible; primal_status is Infeasible),,,,,,,,,,,,,,,,,,,,,,,,,,,,,,,,,,,,,,,,-0.5048300440194601,0.0
infeasible,mixed_sign_stress,orthogonal,500,750,0.5,0.4990986666666667,250,7,5975783330145715241,3292094053086843793,2,infeasible,2,infeasible,0.018510624999180436,0.0028517079990706407,0.000508541997987777,0.08449991700035753,0.08786016699741594,1.0,0,196,The problem is infeasible. (HiGHS Status 8: model_status is Infeasible; primal_status is Infeasible),,,,,,,,,,,,,,,,,,,,,,,,,,,,,,,,,,,,,,,,-0.5048300440194601,0.0
infeasible,mixed_sign_stress,sparse,500,750,0.5,0.5006053333333333,250,8,14323659923490374035,2926332242180570012,2,infeasible,2,infeasible,0.01912520799669437,0.000530875004187692,0.0004249159974278882,0.08546045899856836,0.08641625000018394,1.0,0,198,The problem is infeasible. (HiGHS Status 8: model_status is Infeasible; primal_status is Infeasible),,,,,,,,,,,,,,,,,,,,,,,,,,,,,,,,,,,,,,,,-0.9851809103882301,0.0
infeasible,mixed_sign_stress,orthogonal,500,750,0.5,0.5006053333333333,250,8,14323659923490374035,11708213736714280391,2,infeasible,2,infeasible,0.01912520799669437,0.0028364579993649386,0.00047337500291178003,0.08530091700231424,0.08861075000459095,1.0,0,206,The problem is infeasible. (HiGHS Status 8: model_status is Infeasible; primal_status is Infeasible),,,,,,,,,,,,,,,,,,,,,,,,,,,,,,,,,,,,,,,,-0.9851809103882301,0.0
infeasible,mixed_sign_stress,sparse,500,750,0.5,0.498376,250,9,15877258561998759633,11258647166290070252,2,infeasible,2,infeasible,0.018889375001890585,0.00048712499847169966,0.00043612499575829133,0.08413083399500465,0.08505408398923464,1.0,0,207,The problem is infeasible. (HiGHS Status 8: model_status is Infeasible; primal_status is Infeasible),,,,,,,,,,,,,,,,,,,,,,,,,,,,,,,,,,,,,,,,-1.2253872267636687,0.0
infeasible,mixed_sign_stress,orthogonal,500,750,0.5,0.498376,250,9,15877258561998759633,4252778074868837715,2,infeasible,4,error,0.018889375001890585,0.002875250000215601,0.0005120830028317869,0.19612262499867938,0.19950995800172677,1.0,0,183,The HiGHS status code was not recognized. (HiGHS Status 15: model_status is Unknown; primal_status is Infeasible),,,,,,,,,,,,,,,,,,,,,,,,,,,,,,,,,,,,,,,,-1.2253872267636687,0.0
